Days(h);Date;Day;Depth;Counts;Variables;Class;Groups
0;13.07.;13-06 h;0;600;Microphytoplankton;PHYTOPLANKTON;SURFACE
0;13.07.;13-06 h;12;0;Microphytoplankton;PHYTOPLANKTON;SURFACE
0;13.07.;13-06 h;20;0;Microphytoplankton;PHYTOPLANKTON;THERMOCLINE
0;13.07.;13-06 h;30;2170;Microphytoplankton;PHYTOPLANKTON;THERMOCLINE
0;13.07.;13-06 h;50;0;Microphytoplankton;PHYTOPLANKTON;DEEP LAYER
0;13.07.;13-06 h;65;1750;Microphytoplankton;PHYTOPLANKTON;DEEP LAYER
0;13.07.;13-06 h;75;2615;Microphytoplankton;PHYTOPLANKTON;DEEP LAYER
6;13.07.;13-12 h;0;650;Microphytoplankton;PHYTOPLANKTON;SURFACE
6;13.07.;13-12 h;12;0;Microphytoplankton;PHYTOPLANKTON;SURFACE
6;13.07.;13-12 h;20;2223;Microphytoplankton;PHYTOPLANKTON;SURFACE
6;13.07.;13-12 h;30;20;Microphytoplankton;PHYTOPLANKTON;DEEP LAYER
6;13.07.;13-12 h;50;0;Microphytoplankton;PHYTOPLANKTON;DEEP LAYER
6;13.07.;13-12 h;75;1620;Microphytoplankton;PHYTOPLANKTON;DEEP LAYER
24;14.07.;14-06 h;0;210;Microphytoplankton;PHYTOPLANKTON;SURFACE
24;14.07.;14-06 h;12;0;Microphytoplankton;PHYTOPLANKTON;SURFACE
24;14.07.;14-06 h;20;0;Microphytoplankton;PHYTOPLANKTON;THERMOCLINE
24;14.07.;14-06 h;30;1143;Microphytoplankton;PHYTOPLANKTON;THERMOCLINE
24;14.07.;14-06 h;40;0;Microphytoplankton;PHYTOPLANKTON;THERMOCLINE
24;14.07.;14-06 h;75;370;Microphytoplankton;PHYTOPLANKTON;DEEP LAYER
30;14.07.;14-12 h;0;4400;Microphytoplankton;PHYTOPLANKTON;SURFACE
30;14.07.;14-12 h;12;0;Microphytoplankton;PHYTOPLANKTON;SURFACE
30;14.07.;14-12 h;20;0;Microphytoplankton;PHYTOPLANKTON;THERMOCLINE
30;14.07.;14-12 h;30;6875;Microphytoplankton;PHYTOPLANKTON;THERMOCLINE
30;14.07.;14-12 h;40;0;Microphytoplankton;PHYTOPLANKTON;DEEP LAYER
30;14.07.;14-12 h;50;0;Microphytoplankton;PHYTOPLANKTON;DEEP LAYER
30;14.07.;14-12 h;75;2940;Microphytoplankton;PHYTOPLANKTON;DEEP LAYER
36;14.07.;14-18 h;0;1260;Microphytoplankton;PHYTOPLANKTON;SURFACE
36;14.07.;14-18 h;8;0;Microphytoplankton;PHYTOPLANKTON;THERMOCLINE
36;14.07.;14-18 h;12;0;Microphytoplankton;PHYTOPLANKTON;THERMOCLINE
36;14.07.;14-18 h;20;0;Microphytoplankton;PHYTOPLANKTON;THERMOCLINE
36;14.07.;14-18 h;30;1525;Microphytoplankton;PHYTOPLANKTON;DEEP LAYER
36;14.07.;14-18 h;40;0;Microphytoplankton;PHYTOPLANKTON;DEEP LAYER
36;14.07.;14-18 h;65;1715;Microphytoplankton;PHYTOPLANKTON;DEEP LAYER
42;14.07.;14-24 h;0;675;Microphytoplankton;PHYTOPLANKTON;SURFACE
42;14.07.;14-24 h;12;0;Microphytoplankton;PHYTOPLANKTON;THERMOCLINE
42;14.07.;14-24 h;20;0;Microphytoplankton;PHYTOPLANKTON;THERMOCLINE
42;14.07.;14-24 h;40;0;Microphytoplankton;PHYTOPLANKTON;DEEP LAYER
42;14.07.;14-24 h;65;0;Microphytoplankton;PHYTOPLANKTON;DEEP LAYER
48;15.07.;15-06 h;0;100;Microphytoplankton;PHYTOPLANKTON;SURFACE
48;15.07.;15-06 h;12;0;Microphytoplankton;PHYTOPLANKTON;SURFACE
48;15.07.;15-06 h;20;0;Microphytoplankton;PHYTOPLANKTON;SURFACE
48;15.07.;15-06 h;30;515;Microphytoplankton;PHYTOPLANKTON;THERMOCLINE
48;15.07.;15-06 h;40;0;Microphytoplankton;PHYTOPLANKTON;DEEP LAYER
48;15.07.;15-06 h;65;6725;Microphytoplankton;PHYTOPLANKTON;DEEP LAYER
60;15.07.;15-18 h;0;965;Microphytoplankton;PHYTOPLANKTON;SURFACE
60;15.07.;15-18 h;12;465;Microphytoplankton;PHYTOPLANKTON;SURFACE
60;15.07.;15-18 h;20;0;Microphytoplankton;PHYTOPLANKTON;THERMOCLINE
60;15.07.;15-18 h;35;0;Microphytoplankton;PHYTOPLANKTON;DEEP LAYER
60;15.07.;15-18 h;65;1200;Microphytoplankton;PHYTOPLANKTON;DEEP LAYER
72;16.07.;16-06 h;0;1090;Microphytoplankton;PHYTOPLANKTON;SURFACE
72;16.07.;16-06 h;12;0;Microphytoplankton;PHYTOPLANKTON;SURFACE
72;16.07.;16-06 h;20;0;Microphytoplankton;PHYTOPLANKTON;THERMOCLINE
72;16.07.;16-06 h;40;0;Microphytoplankton;PHYTOPLANKTON;DEEP LAYER
72;16.07.;16-06 h;65;230;Microphytoplankton;PHYTOPLANKTON;DEEP LAYER
84;16.07.;16-18 h;0;630;Microphytoplankton;PHYTOPLANKTON;SURFACE
84;16.07.;16-18 h;12;0;Microphytoplankton;PHYTOPLANKTON;SURFACE
84;16.07.;16-18 h;20;0;Microphytoplankton;PHYTOPLANKTON;THERMOCLINE
84;16.07.;16-18 h;29;805;Microphytoplankton;PHYTOPLANKTON;DEEP LAYER
84;16.07.;16-18 h;65;4575;Microphytoplankton;PHYTOPLANKTON;DEEP LAYER
96;17.07.;17-06 h;0;1020;Microphytoplankton;PHYTOPLANKTON;SURFACE
96;17.07.;17-06 h;12;0;Microphytoplankton;PHYTOPLANKTON;SURFACE
96;17.07.;17-06 h;20;0;Microphytoplankton;PHYTOPLANKTON;SURFACE
96;17.07.;17-06 h;29;1305;Microphytoplankton;PHYTOPLANKTON;THERMOCLINE
96;17.07.;17-06 h;40;0;Microphytoplankton;PHYTOPLANKTON;DEEP LAYER
96;17.07.;17-06 h;65;1220;Microphytoplankton;PHYTOPLANKTON;DEEP LAYER
102;17.07.;17-12 h;0;705;Microphytoplankton;PHYTOPLANKTON;SURFACE
102;17.07.;17-12 h;12;0;Microphytoplankton;PHYTOPLANKTON;SURFACE
102;17.07.;17-12 h;20;0;Microphytoplankton;PHYTOPLANKTON;THERMOCLINE
102;17.07.;17-12 h;29;420;Microphytoplankton;PHYTOPLANKTON;DEEP LAYER
102;17.07.;17-12 h;65;3175;Microphytoplankton;PHYTOPLANKTON;DEEP LAYER
108;17.07.;17-18 h;0;1580;Microphytoplankton;PHYTOPLANKTON;SURFACE
108;17.07.;17-18 h;12;0;Microphytoplankton;PHYTOPLANKTON;SURFACE
108;17.07.;17-18 h;20;0;Microphytoplankton;PHYTOPLANKTON;THERMOCLINE
108;17.07.;17-18 h;29;1145;Microphytoplankton;PHYTOPLANKTON;DEEP LAYER
108;17.07.;17-18 h;40;0;Microphytoplankton;PHYTOPLANKTON;DEEP LAYER
108;17.07.;17-18 h;65;1300;Microphytoplankton;PHYTOPLANKTON;DEEP LAYER
114;17.07.;17-24 h;0;650;Microphytoplankton;PHYTOPLANKTON;SURFACE
114;17.07.;17-24 h;12;3520;Microphytoplankton;PHYTOPLANKTON;SURFACE
114;17.07.;17-24 h;20;0;Microphytoplankton;PHYTOPLANKTON;THERMOCLINE
114;17.07.;17-24 h;29;1170;Microphytoplankton;PHYTOPLANKTON;THERMOCLINE
114;17.07.;17-24 h;40;0;Microphytoplankton;PHYTOPLANKTON;DEEP LAYER
114;17.07.;17-24 h;65;3660;Microphytoplankton;PHYTOPLANKTON;DEEP LAYER
120;18.07.;18-06 h;0;2550;Microphytoplankton;PHYTOPLANKTON;SURFACE
120;18.07.;18-06 h;12;0;Microphytoplankton;PHYTOPLANKTON;SURFACE
120;18.07.;18-06 h;20;0;Microphytoplankton;PHYTOPLANKTON;SURFACE
120;18.07.;18-06 h;29;890;Microphytoplankton;PHYTOPLANKTON;THERMOCLINE
120;18.07.;18-06 h;40;0;Microphytoplankton;PHYTOPLANKTON;DEEP LAYER
120;18.07.;18-06 h;65;4885;Microphytoplankton;PHYTOPLANKTON;DEEP LAYER
126;18.07.;18-12 h;0;2825;Microphytoplankton;PHYTOPLANKTON;SURFACE
126;18.07.;18-12 h;20;0;Microphytoplankton;PHYTOPLANKTON;SURFACE
126;18.07.;18-12 h;29;1233;Microphytoplankton;PHYTOPLANKTON;THERMOCLINE
126;18.07.;18-12 h;65;5313;Microphytoplankton;PHYTOPLANKTON;DEEP LAYER
132;18.07.;18-18 h;0;1010;Microphytoplankton;PHYTOPLANKTON;SURFACE
132;18.07.;18-18 h;12;0;Microphytoplankton;PHYTOPLANKTON;THERMOCLINE
132;18.07.;18-18 h;20;0;Microphytoplankton;PHYTOPLANKTON;THERMOCLINE
132;18.07.;18-18 h;29;1330;Microphytoplankton;PHYTOPLANKTON;DEEP LAYER
132;18.07.;18-18 h;40;0;Microphytoplankton;PHYTOPLANKTON;DEEP LAYER
132;18.07.;18-18 h;65;7770;Microphytoplankton;PHYTOPLANKTON;DEEP LAYER
138;18.07.;18-24 h;0;1910;Microphytoplankton;PHYTOPLANKTON;SURFACE
138;18.07.;18-24 h;12;0;Microphytoplankton;PHYTOPLANKTON;SURFACE
138;18.07.;18-24 h;20;0;Microphytoplankton;PHYTOPLANKTON;THERMOCLINE
138;18.07.;18-24 h;29;1990;Microphytoplankton;PHYTOPLANKTON;DEEP LAYER
138;18.07.;18-24 h;40;0;Microphytoplankton;PHYTOPLANKTON;DEEP LAYER
138;18.07.;18-24 h;65;785;Microphytoplankton;PHYTOPLANKTON;DEEP LAYER
144;19.07.;19-06 h;0;2150;Microphytoplankton;PHYTOPLANKTON;SURFACE
144;19.07.;19-06 h;12;0;Microphytoplankton;PHYTOPLANKTON;SURFACE
144;19.07.;19-06 h;20;0;Microphytoplankton;PHYTOPLANKTON;SURFACE
144;19.07.;19-06 h;29;765;Microphytoplankton;PHYTOPLANKTON;THERMOCLINE
144;19.07.;19-06 h;40;0;Microphytoplankton;PHYTOPLANKTON;DEEP LAYER
144;19.07.;19-06 h;65;40;Microphytoplankton;PHYTOPLANKTON;DEEP LAYER
150;19.07.;19-12 h;0;0;Microphytoplankton;PHYTOPLANKTON;SURFACE
150;19.07.;19-12 h;20;0;Microphytoplankton;PHYTOPLANKTON;SURFACE
150;19.07.;19-12 h;29;2320;Microphytoplankton;PHYTOPLANKTON;THERMOCLINE
150;19.07.;19-12 h;40;0;Microphytoplankton;PHYTOPLANKTON;DEEP LAYER
150;19.07.;19-12 h;65;2230;Microphytoplankton;PHYTOPLANKTON;DEEP LAYER
156;19.07.;19-18 h;0;0;Microphytoplankton;PHYTOPLANKTON;SURFACE
156;19.07.;19-18 h;12;0;Microphytoplankton;PHYTOPLANKTON;THERMOCLINE
156;19.07.;19-18 h;20;0;Microphytoplankton;PHYTOPLANKTON;THERMOCLINE
156;19.07.;19-18 h;29;190;Microphytoplankton;PHYTOPLANKTON;DEEP LAYER
156;19.07.;19-18 h;40;0;Microphytoplankton;PHYTOPLANKTON;DEEP LAYER
156;19.07.;19-18 h;65;40;Microphytoplankton;PHYTOPLANKTON;DEEP LAYER
162;19.07.;19-24 h;0;190;Microphytoplankton;PHYTOPLANKTON;SURFACE
162;19.07.;19-24 h;12;0;Microphytoplankton;PHYTOPLANKTON;SURFACE
162;19.07.;19-24 h;20;0;Microphytoplankton;PHYTOPLANKTON;THERMOCLINE
162;19.07.;19-24 h;29;1270;Microphytoplankton;PHYTOPLANKTON;DEEP LAYER
162;19.07.;19-24 h;40;0;Microphytoplankton;PHYTOPLANKTON;DEEP LAYER
162;19.07.;19-24 h;65;1285;Microphytoplankton;PHYTOPLANKTON;DEEP LAYER
168;20.07.;20-06 h;0;1615;Microphytoplankton;PHYTOPLANKTON;SURFACE
168;20.07.;20-06 h;20;0;Microphytoplankton;PHYTOPLANKTON;SURFACE
168;20.07.;20-06 h;29;1525;Microphytoplankton;PHYTOPLANKTON;THERMOCLINE
168;20.07.;20-06 h;40;0;Microphytoplankton;PHYTOPLANKTON;DEEP LAYER
168;20.07.;20-06 h;65;1920;Microphytoplankton;PHYTOPLANKTON;DEEP LAYER
174;20.07.;20-12 h;0;1465;Microphytoplankton;PHYTOPLANKTON;SURFACE
174;20.07.;20-12 h;12;0;Microphytoplankton;PHYTOPLANKTON;SURFACE
174;20.07.;20-12 h;20;0;Microphytoplankton;PHYTOPLANKTON;THERMOCLINE
174;20.07.;20-12 h;29;570;Microphytoplankton;PHYTOPLANKTON;THERMOCLINE
174;20.07.;20-12 h;40;0;Microphytoplankton;PHYTOPLANKTON;DEEP LAYER
174;20.07.;20-12 h;65;1140;Microphytoplankton;PHYTOPLANKTON;DEEP LAYER
180;20.07.;20-18 h;0;2770;Microphytoplankton;PHYTOPLANKTON;SURFACE
180;20.07.;20-18 h;12;0;Microphytoplankton;PHYTOPLANKTON;THERMOCLINE
180;20.07.;20-18 h;20;0;Microphytoplankton;PHYTOPLANKTON;THERMOCLINE
180;20.07.;20-18 h;29;500;Microphytoplankton;PHYTOPLANKTON;THERMOCLINE
180;20.07.;20-18 h;40;0;Microphytoplankton;PHYTOPLANKTON;DEEP LAYER
180;20.07.;20-18 h;65;970;Microphytoplankton;PHYTOPLANKTON;DEEP LAYER
192;21.07.;21-06 h;0;3365;Microphytoplankton;PHYTOPLANKTON;SURFACE
192;21.07.;21-06 h;12;4390;Microphytoplankton;PHYTOPLANKTON;SURFACE
192;21.07.;21-06 h;20;0;Microphytoplankton;PHYTOPLANKTON;THERMOCLINE
192;21.07.;21-06 h;29;220;Microphytoplankton;PHYTOPLANKTON;THERMOCLINE
192;21.07.;21-06 h;40;0;Microphytoplankton;PHYTOPLANKTON;DEEP LAYER
192;21.07.;21-06 h;65;2036;Microphytoplankton;PHYTOPLANKTON;DEEP LAYER
204;21.07.;21-18 h;0;1910;Microphytoplankton;PHYTOPLANKTON;SURFACE
204;21.07.;21-18 h;12;1280;Microphytoplankton;PHYTOPLANKTON;SURFACE
204;21.07.;21-18 h;20;1355;Microphytoplankton;PHYTOPLANKTON;THERMOCLINE
204;21.07.;21-18 h;29;675;Microphytoplankton;PHYTOPLANKTON;THERMOCLINE
204;21.07.;21-18 h;40;0;Microphytoplankton;PHYTOPLANKTON;DEEP LAYER
204;21.07.;21-18 h;65;840;Microphytoplankton;PHYTOPLANKTON;DEEP LAYER
216;22.07.;22-06 h;0;1420;Microphytoplankton;PHYTOPLANKTON;SURFACE
216;22.07.;22-06 h;12;0;Microphytoplankton;PHYTOPLANKTON;SURFACE
216;22.07.;22-06 h;20;725;Microphytoplankton;PHYTOPLANKTON;THERMOCLINE
216;22.07.;22-06 h;29;0;Microphytoplankton;PHYTOPLANKTON;THERMOCLINE
216;22.07.;22-06 h;40;0;Microphytoplankton;PHYTOPLANKTON;DEEP LAYER
216;22.07.;22-06 h;65;1050;Microphytoplankton;PHYTOPLANKTON;DEEP LAYER
228;22.07.;22-18 h;0;2165;Microphytoplankton;PHYTOPLANKTON;SURFACE
228;22.07.;22-18 h;12;1030;Microphytoplankton;PHYTOPLANKTON;SURFACE
228;22.07.;22-18 h;20;0;Microphytoplankton;PHYTOPLANKTON;THERMOCLINE
228;22.07.;22-18 h;29;950;Microphytoplankton;PHYTOPLANKTON;THERMOCLINE
228;22.07.;22-18 h;40;0;Microphytoplankton;PHYTOPLANKTON;DEEP LAYER
228;22.07.;22-18 h;65;1720;Microphytoplankton;PHYTOPLANKTON;DEEP LAYER
240;23.07.;23-06 h;0;3450;Microphytoplankton;PHYTOPLANKTON;SURFACE
240;23.07.;23-06 h;12;1425;Microphytoplankton;PHYTOPLANKTON;SURFACE
240;23.07.;23-06 h;20;0;Microphytoplankton;PHYTOPLANKTON;THERMOCLINE
240;23.07.;23-06 h;29;0;Microphytoplankton;PHYTOPLANKTON;THERMOCLINE
240;23.07.;23-06 h;40;0;Microphytoplankton;PHYTOPLANKTON;DEEP LAYER
240;23.07.;23-06 h;65;3503;Microphytoplankton;PHYTOPLANKTON;DEEP LAYER
252;23.07.;23-18 h;0;1105;Microphytoplankton;PHYTOPLANKTON;SURFACE
252;23.07.;23-18 h;12;2745;Microphytoplankton;PHYTOPLANKTON;SURFACE
252;23.07.;23-18 h;20;0;Microphytoplankton;PHYTOPLANKTON;THERMOCLINE
252;23.07.;23-18 h;29;1560;Microphytoplankton;PHYTOPLANKTON;THERMOCLINE
252;23.07.;23-18 h;40;0;Microphytoplankton;PHYTOPLANKTON;DEEP LAYER
252;23.07.;23-18 h;65;820;Microphytoplankton;PHYTOPLANKTON;DEEP LAYER
0;13.07.;13-06 h;0;4260;Nanophytoplankton;PHYTOPLANKTON;SURFACE
0;13.07.;13-06 h;12;0;Nanophytoplankton;PHYTOPLANKTON;SURFACE
0;13.07.;13-06 h;20;0;Nanophytoplankton;PHYTOPLANKTON;THERMOCLINE
0;13.07.;13-06 h;30;7810;Nanophytoplankton;PHYTOPLANKTON;THERMOCLINE
0;13.07.;13-06 h;50;0;Nanophytoplankton;PHYTOPLANKTON;DEEP LAYER
0;13.07.;13-06 h;65;4970;Nanophytoplankton;PHYTOPLANKTON;DEEP LAYER
0;13.07.;13-06 h;75;2840;Nanophytoplankton;PHYTOPLANKTON;DEEP LAYER
6;13.07.;13-12 h;0;6390;Nanophytoplankton;PHYTOPLANKTON;SURFACE
6;13.07.;13-12 h;12;0;Nanophytoplankton;PHYTOPLANKTON;SURFACE
6;13.07.;13-12 h;20;4260;Nanophytoplankton;PHYTOPLANKTON;SURFACE
6;13.07.;13-12 h;30;0;Nanophytoplankton;PHYTOPLANKTON;DEEP LAYER
6;13.07.;13-12 h;50;0;Nanophytoplankton;PHYTOPLANKTON;DEEP LAYER
6;13.07.;13-12 h;75;2130;Nanophytoplankton;PHYTOPLANKTON;DEEP LAYER
24;14.07.;14-06 h;0;1420;Nanophytoplankton;PHYTOPLANKTON;SURFACE
24;14.07.;14-06 h;12;0;Nanophytoplankton;PHYTOPLANKTON;SURFACE
24;14.07.;14-06 h;20;0;Nanophytoplankton;PHYTOPLANKTON;THERMOCLINE
24;14.07.;14-06 h;30;4970;Nanophytoplankton;PHYTOPLANKTON;THERMOCLINE
24;14.07.;14-06 h;40;0;Nanophytoplankton;PHYTOPLANKTON;THERMOCLINE
24;14.07.;14-06 h;75;0;Nanophytoplankton;PHYTOPLANKTON;DEEP LAYER
30;14.07.;14-12 h;0;8520;Nanophytoplankton;PHYTOPLANKTON;SURFACE
30;14.07.;14-12 h;12;0;Nanophytoplankton;PHYTOPLANKTON;SURFACE
30;14.07.;14-12 h;20;0;Nanophytoplankton;PHYTOPLANKTON;THERMOCLINE
30;14.07.;14-12 h;30;2840;Nanophytoplankton;PHYTOPLANKTON;THERMOCLINE
30;14.07.;14-12 h;40;0;Nanophytoplankton;PHYTOPLANKTON;DEEP LAYER
30;14.07.;14-12 h;50;0;Nanophytoplankton;PHYTOPLANKTON;DEEP LAYER
30;14.07.;14-12 h;75;2840;Nanophytoplankton;PHYTOPLANKTON;DEEP LAYER
36;14.07.;14-18 h;0;6390;Nanophytoplankton;PHYTOPLANKTON;SURFACE
36;14.07.;14-18 h;8;0;Nanophytoplankton;PHYTOPLANKTON;THERMOCLINE
36;14.07.;14-18 h;12;0;Nanophytoplankton;PHYTOPLANKTON;THERMOCLINE
36;14.07.;14-18 h;20;0;Nanophytoplankton;PHYTOPLANKTON;THERMOCLINE
36;14.07.;14-18 h;30;12770;Nanophytoplankton;PHYTOPLANKTON;DEEP LAYER
36;14.07.;14-18 h;40;0;Nanophytoplankton;PHYTOPLANKTON;DEEP LAYER
36;14.07.;14-18 h;65;2130;Nanophytoplankton;PHYTOPLANKTON;DEEP LAYER
42;14.07.;14-24 h;0;1420;Nanophytoplankton;PHYTOPLANKTON;SURFACE
42;14.07.;14-24 h;12;0;Nanophytoplankton;PHYTOPLANKTON;THERMOCLINE
42;14.07.;14-24 h;20;0;Nanophytoplankton;PHYTOPLANKTON;THERMOCLINE
42;14.07.;14-24 h;40;0;Nanophytoplankton;PHYTOPLANKTON;DEEP LAYER
42;14.07.;14-24 h;65;0;Nanophytoplankton;PHYTOPLANKTON;DEEP LAYER
48;15.07.;15-06 h;0;4970;Nanophytoplankton;PHYTOPLANKTON;SURFACE
48;15.07.;15-06 h;12;0;Nanophytoplankton;PHYTOPLANKTON;SURFACE
48;15.07.;15-06 h;20;0;Nanophytoplankton;PHYTOPLANKTON;SURFACE
48;15.07.;15-06 h;30;7810;Nanophytoplankton;PHYTOPLANKTON;THERMOCLINE
48;15.07.;15-06 h;40;0;Nanophytoplankton;PHYTOPLANKTON;DEEP LAYER
48;15.07.;15-06 h;65;2840;Nanophytoplankton;PHYTOPLANKTON;DEEP LAYER
60;15.07.;15-18 h;0;4970;Nanophytoplankton;PHYTOPLANKTON;SURFACE
60;15.07.;15-18 h;12;4260;Nanophytoplankton;PHYTOPLANKTON;SURFACE
60;15.07.;15-18 h;20;0;Nanophytoplankton;PHYTOPLANKTON;THERMOCLINE
60;15.07.;15-18 h;35;0;Nanophytoplankton;PHYTOPLANKTON;DEEP LAYER
60;15.07.;15-18 h;65;6390;Nanophytoplankton;PHYTOPLANKTON;DEEP LAYER
72;16.07.;16-06 h;0;4970;Nanophytoplankton;PHYTOPLANKTON;SURFACE
72;16.07.;16-06 h;12;0;Nanophytoplankton;PHYTOPLANKTON;SURFACE
72;16.07.;16-06 h;20;0;Nanophytoplankton;PHYTOPLANKTON;THERMOCLINE
72;16.07.;16-06 h;40;0;Nanophytoplankton;PHYTOPLANKTON;DEEP LAYER
72;16.07.;16-06 h;65;2130;Nanophytoplankton;PHYTOPLANKTON;DEEP LAYER
84;16.07.;16-18 h;0;1420;Nanophytoplankton;PHYTOPLANKTON;SURFACE
84;16.07.;16-18 h;12;0;Nanophytoplankton;PHYTOPLANKTON;SURFACE
84;16.07.;16-18 h;20;0;Nanophytoplankton;PHYTOPLANKTON;THERMOCLINE
84;16.07.;16-18 h;29;2840;Nanophytoplankton;PHYTOPLANKTON;DEEP LAYER
84;16.07.;16-18 h;65;7100;Nanophytoplankton;PHYTOPLANKTON;DEEP LAYER
96;17.07.;17-06 h;0;2130;Nanophytoplankton;PHYTOPLANKTON;SURFACE
96;17.07.;17-06 h;12;0;Nanophytoplankton;PHYTOPLANKTON;SURFACE
96;17.07.;17-06 h;20;0;Nanophytoplankton;PHYTOPLANKTON;SURFACE
96;17.07.;17-06 h;29;710;Nanophytoplankton;PHYTOPLANKTON;THERMOCLINE
96;17.07.;17-06 h;40;0;Nanophytoplankton;PHYTOPLANKTON;DEEP LAYER
96;17.07.;17-06 h;65;710;Nanophytoplankton;PHYTOPLANKTON;DEEP LAYER
102;17.07.;17-12 h;0;3550;Nanophytoplankton;PHYTOPLANKTON;SURFACE
102;17.07.;17-12 h;12;0;Nanophytoplankton;PHYTOPLANKTON;SURFACE
102;17.07.;17-12 h;20;0;Nanophytoplankton;PHYTOPLANKTON;THERMOCLINE
102;17.07.;17-12 h;29;3550;Nanophytoplankton;PHYTOPLANKTON;DEEP LAYER
102;17.07.;17-12 h;65;710;Nanophytoplankton;PHYTOPLANKTON;DEEP LAYER
108;17.07.;17-18 h;0;2840;Nanophytoplankton;PHYTOPLANKTON;SURFACE
108;17.07.;17-18 h;12;0;Nanophytoplankton;PHYTOPLANKTON;SURFACE
108;17.07.;17-18 h;20;0;Nanophytoplankton;PHYTOPLANKTON;THERMOCLINE
108;17.07.;17-18 h;29;5680;Nanophytoplankton;PHYTOPLANKTON;DEEP LAYER
108;17.07.;17-18 h;40;0;Nanophytoplankton;PHYTOPLANKTON;DEEP LAYER
108;17.07.;17-18 h;65;0;Nanophytoplankton;PHYTOPLANKTON;DEEP LAYER
114;17.07.;17-24 h;0;1420;Nanophytoplankton;PHYTOPLANKTON;SURFACE
114;17.07.;17-24 h;12;710;Nanophytoplankton;PHYTOPLANKTON;SURFACE
114;17.07.;17-24 h;20;0;Nanophytoplankton;PHYTOPLANKTON;THERMOCLINE
114;17.07.;17-24 h;29;2840;Nanophytoplankton;PHYTOPLANKTON;THERMOCLINE
114;17.07.;17-24 h;40;0;Nanophytoplankton;PHYTOPLANKTON;DEEP LAYER
114;17.07.;17-24 h;65;0;Nanophytoplankton;PHYTOPLANKTON;DEEP LAYER
120;18.07.;18-06 h;0;5680;Nanophytoplankton;PHYTOPLANKTON;SURFACE
120;18.07.;18-06 h;12;0;Nanophytoplankton;PHYTOPLANKTON;SURFACE
120;18.07.;18-06 h;20;0;Nanophytoplankton;PHYTOPLANKTON;SURFACE
120;18.07.;18-06 h;29;2840;Nanophytoplankton;PHYTOPLANKTON;THERMOCLINE
120;18.07.;18-06 h;40;0;Nanophytoplankton;PHYTOPLANKTON;DEEP LAYER
120;18.07.;18-06 h;65;1420;Nanophytoplankton;PHYTOPLANKTON;DEEP LAYER
126;18.07.;18-12 h;0;4970;Nanophytoplankton;PHYTOPLANKTON;SURFACE
126;18.07.;18-12 h;20;0;Nanophytoplankton;PHYTOPLANKTON;SURFACE
126;18.07.;18-12 h;29;6390;Nanophytoplankton;PHYTOPLANKTON;THERMOCLINE
126;18.07.;18-12 h;65;4970;Nanophytoplankton;PHYTOPLANKTON;DEEP LAYER
132;18.07.;18-18 h;0;4260;Nanophytoplankton;PHYTOPLANKTON;SURFACE
132;18.07.;18-18 h;12;0;Nanophytoplankton;PHYTOPLANKTON;THERMOCLINE
132;18.07.;18-18 h;20;0;Nanophytoplankton;PHYTOPLANKTON;THERMOCLINE
132;18.07.;18-18 h;29;3550;Nanophytoplankton;PHYTOPLANKTON;DEEP LAYER
132;18.07.;18-18 h;40;0;Nanophytoplankton;PHYTOPLANKTON;DEEP LAYER
132;18.07.;18-18 h;65;2840;Nanophytoplankton;PHYTOPLANKTON;DEEP LAYER
138;18.07.;18-24 h;0;4260;Nanophytoplankton;PHYTOPLANKTON;SURFACE
138;18.07.;18-24 h;12;0;Nanophytoplankton;PHYTOPLANKTON;SURFACE
138;18.07.;18-24 h;20;0;Nanophytoplankton;PHYTOPLANKTON;THERMOCLINE
138;18.07.;18-24 h;29;5680;Nanophytoplankton;PHYTOPLANKTON;DEEP LAYER
138;18.07.;18-24 h;40;0;Nanophytoplankton;PHYTOPLANKTON;DEEP LAYER
138;18.07.;18-24 h;65;5680;Nanophytoplankton;PHYTOPLANKTON;DEEP LAYER
144;19.07.;19-06 h;0;4260;Nanophytoplankton;PHYTOPLANKTON;SURFACE
144;19.07.;19-06 h;12;0;Nanophytoplankton;PHYTOPLANKTON;SURFACE
144;19.07.;19-06 h;20;0;Nanophytoplankton;PHYTOPLANKTON;SURFACE
144;19.07.;19-06 h;29;10650;Nanophytoplankton;PHYTOPLANKTON;THERMOCLINE
144;19.07.;19-06 h;40;0;Nanophytoplankton;PHYTOPLANKTON;DEEP LAYER
144;19.07.;19-06 h;65;1420;Nanophytoplankton;PHYTOPLANKTON;DEEP LAYER
150;19.07.;19-12 h;0;0;Nanophytoplankton;PHYTOPLANKTON;SURFACE
150;19.07.;19-12 h;20;0;Nanophytoplankton;PHYTOPLANKTON;SURFACE
150;19.07.;19-12 h;29;9230;Nanophytoplankton;PHYTOPLANKTON;THERMOCLINE
150;19.07.;19-12 h;40;0;Nanophytoplankton;PHYTOPLANKTON;DEEP LAYER
150;19.07.;19-12 h;65;2840;Nanophytoplankton;PHYTOPLANKTON;DEEP LAYER
156;19.07.;19-18 h;0;0;Nanophytoplankton;PHYTOPLANKTON;SURFACE
156;19.07.;19-18 h;12;0;Nanophytoplankton;PHYTOPLANKTON;THERMOCLINE
156;19.07.;19-18 h;20;0;Nanophytoplankton;PHYTOPLANKTON;THERMOCLINE
156;19.07.;19-18 h;29;710;Nanophytoplankton;PHYTOPLANKTON;DEEP LAYER
156;19.07.;19-18 h;40;0;Nanophytoplankton;PHYTOPLANKTON;DEEP LAYER
156;19.07.;19-18 h;65;0;Nanophytoplankton;PHYTOPLANKTON;DEEP LAYER
162;19.07.;19-24 h;0;710;Nanophytoplankton;PHYTOPLANKTON;SURFACE
162;19.07.;19-24 h;12;0;Nanophytoplankton;PHYTOPLANKTON;SURFACE
162;19.07.;19-24 h;20;0;Nanophytoplankton;PHYTOPLANKTON;THERMOCLINE
162;19.07.;19-24 h;29;2130;Nanophytoplankton;PHYTOPLANKTON;DEEP LAYER
162;19.07.;19-24 h;40;0;Nanophytoplankton;PHYTOPLANKTON;DEEP LAYER
162;19.07.;19-24 h;65;7100;Nanophytoplankton;PHYTOPLANKTON;DEEP LAYER
168;20.07.;20-06 h;0;9940;Nanophytoplankton;PHYTOPLANKTON;SURFACE
168;20.07.;20-06 h;20;0;Nanophytoplankton;PHYTOPLANKTON;SURFACE
168;20.07.;20-06 h;29;7100;Nanophytoplankton;PHYTOPLANKTON;THERMOCLINE
168;20.07.;20-06 h;40;0;Nanophytoplankton;PHYTOPLANKTON;DEEP LAYER
168;20.07.;20-06 h;65;14190;Nanophytoplankton;PHYTOPLANKTON;DEEP LAYER
174;20.07.;20-12 h;0;4970;Nanophytoplankton;PHYTOPLANKTON;SURFACE
174;20.07.;20-12 h;12;0;Nanophytoplankton;PHYTOPLANKTON;SURFACE
174;20.07.;20-12 h;20;0;Nanophytoplankton;PHYTOPLANKTON;THERMOCLINE
174;20.07.;20-12 h;29;7810;Nanophytoplankton;PHYTOPLANKTON;THERMOCLINE
174;20.07.;20-12 h;40;0;Nanophytoplankton;PHYTOPLANKTON;DEEP LAYER
174;20.07.;20-12 h;65;710;Nanophytoplankton;PHYTOPLANKTON;DEEP LAYER
180;20.07.;20-18 h;0;7810;Nanophytoplankton;PHYTOPLANKTON;SURFACE
180;20.07.;20-18 h;12;0;Nanophytoplankton;PHYTOPLANKTON;THERMOCLINE
180;20.07.;20-18 h;20;0;Nanophytoplankton;PHYTOPLANKTON;THERMOCLINE
180;20.07.;20-18 h;29;3550;Nanophytoplankton;PHYTOPLANKTON;THERMOCLINE
180;20.07.;20-18 h;40;0;Nanophytoplankton;PHYTOPLANKTON;DEEP LAYER
180;20.07.;20-18 h;65;5680;Nanophytoplankton;PHYTOPLANKTON;DEEP LAYER
192;21.07.;21-06 h;0;10640;Nanophytoplankton;PHYTOPLANKTON;SURFACE
192;21.07.;21-06 h;12;7100;Nanophytoplankton;PHYTOPLANKTON;SURFACE
192;21.07.;21-06 h;20;0;Nanophytoplankton;PHYTOPLANKTON;THERMOCLINE
192;21.07.;21-06 h;29;4970;Nanophytoplankton;PHYTOPLANKTON;THERMOCLINE
192;21.07.;21-06 h;40;0;Nanophytoplankton;PHYTOPLANKTON;DEEP LAYER
192;21.07.;21-06 h;65;10640;Nanophytoplankton;PHYTOPLANKTON;DEEP LAYER
204;21.07.;21-18 h;0;17030;Nanophytoplankton;PHYTOPLANKTON;SURFACE
204;21.07.;21-18 h;12;18450;Nanophytoplankton;PHYTOPLANKTON;SURFACE
204;21.07.;21-18 h;20;12770;Nanophytoplankton;PHYTOPLANKTON;THERMOCLINE
204;21.07.;21-18 h;29;2840;Nanophytoplankton;PHYTOPLANKTON;THERMOCLINE
204;21.07.;21-18 h;40;0;Nanophytoplankton;PHYTOPLANKTON;DEEP LAYER
204;21.07.;21-18 h;65;8520;Nanophytoplankton;PHYTOPLANKTON;DEEP LAYER
216;22.07.;22-06 h;0;7810;Nanophytoplankton;PHYTOPLANKTON;SURFACE
216;22.07.;22-06 h;12;0;Nanophytoplankton;PHYTOPLANKTON;SURFACE
216;22.07.;22-06 h;20;6390;Nanophytoplankton;PHYTOPLANKTON;THERMOCLINE
216;22.07.;22-06 h;29;0;Nanophytoplankton;PHYTOPLANKTON;THERMOCLINE
216;22.07.;22-06 h;40;0;Nanophytoplankton;PHYTOPLANKTON;DEEP LAYER
216;22.07.;22-06 h;65;6390;Nanophytoplankton;PHYTOPLANKTON;DEEP LAYER
228;22.07.;22-18 h;0;9940;Nanophytoplankton;PHYTOPLANKTON;SURFACE
228;22.07.;22-18 h;12;9940;Nanophytoplankton;PHYTOPLANKTON;SURFACE
228;22.07.;22-18 h;20;0;Nanophytoplankton;PHYTOPLANKTON;THERMOCLINE
228;22.07.;22-18 h;29;17030;Nanophytoplankton;PHYTOPLANKTON;THERMOCLINE
228;22.07.;22-18 h;40;0;Nanophytoplankton;PHYTOPLANKTON;DEEP LAYER
228;22.07.;22-18 h;65;4260;Nanophytoplankton;PHYTOPLANKTON;DEEP LAYER
240;23.07.;23-06 h;0;13480;Nanophytoplankton;PHYTOPLANKTON;SURFACE
240;23.07.;23-06 h;12;18450;Nanophytoplankton;PHYTOPLANKTON;SURFACE
240;23.07.;23-06 h;20;0;Nanophytoplankton;PHYTOPLANKTON;THERMOCLINE
240;23.07.;23-06 h;29;0;Nanophytoplankton;PHYTOPLANKTON;THERMOCLINE
240;23.07.;23-06 h;40;0;Nanophytoplankton;PHYTOPLANKTON;DEEP LAYER
240;23.07.;23-06 h;65;4970;Nanophytoplankton;PHYTOPLANKTON;DEEP LAYER
252;23.07.;23-18 h;0;7100;Nanophytoplankton;PHYTOPLANKTON;SURFACE
252;23.07.;23-18 h;12;7800;Nanophytoplankton;PHYTOPLANKTON;SURFACE
252;23.07.;23-18 h;20;0;Nanophytoplankton;PHYTOPLANKTON;THERMOCLINE
252;23.07.;23-18 h;29;7805;Nanophytoplankton;PHYTOPLANKTON;THERMOCLINE
252;23.07.;23-18 h;40;0;Nanophytoplankton;PHYTOPLANKTON;DEEP LAYER
252;23.07.;23-18 h;65;7100;Nanophytoplankton;PHYTOPLANKTON;DEEP LAYER
0;13.07.;13-06 h;0;301365;Heterotrophic bacteria;BACTERIA;SURFACE
0;13.07.;13-06 h;12;248992;Heterotrophic bacteria;BACTERIA;SURFACE
0;13.07.;13-06 h;20;390356;Heterotrophic bacteria;BACTERIA;THERMOCLINE
0;13.07.;13-06 h;30;387330;Heterotrophic bacteria;BACTERIA;THERMOCLINE
0;13.07.;13-06 h;50;388247;Heterotrophic bacteria;BACTERIA;DEEP LAYER
0;13.07.;13-06 h;65;403832;Heterotrophic bacteria;BACTERIA;DEEP LAYER
0;13.07.;13-06 h;75;390814;Heterotrophic bacteria;BACTERIA;DEEP LAYER
6;13.07.;13-12 h;0;277503;Heterotrophic bacteria;BACTERIA;SURFACE
6;13.07.;13-12 h;12;302989;Heterotrophic bacteria;BACTERIA;SURFACE
6;13.07.;13-12 h;20;263018;Heterotrophic bacteria;BACTERIA;SURFACE
6;13.07.;13-12 h;30;395490;Heterotrophic bacteria;BACTERIA;DEEP LAYER
6;13.07.;13-12 h;50;397781;Heterotrophic bacteria;BACTERIA;DEEP LAYER
6;13.07.;13-12 h;75;373304;Heterotrophic bacteria;BACTERIA;DEEP LAYER
24;14.07.;14-06 h;0;263293;Heterotrophic bacteria;BACTERIA;SURFACE
24;14.07.;14-06 h;12;293179;Heterotrophic bacteria;BACTERIA;SURFACE
24;14.07.;14-06 h;20;335625;Heterotrophic bacteria;BACTERIA;THERMOCLINE
24;14.07.;14-06 h;30;372937;Heterotrophic bacteria;BACTERIA;THERMOCLINE
24;14.07.;14-06 h;40;404749;Heterotrophic bacteria;BACTERIA;THERMOCLINE
24;14.07.;14-06 h;75;365237;Heterotrophic bacteria;BACTERIA;DEEP LAYER
30;14.07.;14-12 h;0;256876;Heterotrophic bacteria;BACTERIA;SURFACE
30;14.07.;14-12 h;12;324807;Heterotrophic bacteria;BACTERIA;SURFACE
30;14.07.;14-12 h;20;331775;Heterotrophic bacteria;BACTERIA;THERMOCLINE
30;14.07.;14-12 h;30;351118;Heterotrophic bacteria;BACTERIA;THERMOCLINE
30;14.07.;14-12 h;40;392648;Heterotrophic bacteria;BACTERIA;DEEP LAYER
30;14.07.;14-12 h;50;403190;Heterotrophic bacteria;BACTERIA;DEEP LAYER
30;14.07.;14-12 h;75;329941;Heterotrophic bacteria;BACTERIA;DEEP LAYER
36;14.07.;14-18 h;0;308031;Heterotrophic bacteria;BACTERIA;SURFACE
36;14.07.;14-18 h;8;423359;Heterotrophic bacteria;BACTERIA;THERMOCLINE
36;14.07.;14-18 h;12;410983;Heterotrophic bacteria;BACTERIA;THERMOCLINE
36;14.07.;14-18 h;20;440319;Heterotrophic bacteria;BACTERIA;THERMOCLINE
36;14.07.;14-18 h;30;379446;Heterotrophic bacteria;BACTERIA;DEEP LAYER
36;14.07.;14-18 h;40;626696;Heterotrophic bacteria;BACTERIA;DEEP LAYER
36;14.07.;14-18 h;65;355244;Heterotrophic bacteria;BACTERIA;DEEP LAYER
42;14.07.;14-24 h;0;329483;Heterotrophic bacteria;BACTERIA;SURFACE
42;14.07.;14-24 h;12;370370;Heterotrophic bacteria;BACTERIA;THERMOCLINE
42;14.07.;14-24 h;20;450862;Heterotrophic bacteria;BACTERIA;THERMOCLINE
42;14.07.;14-24 h;40;410341;Heterotrophic bacteria;BACTERIA;DEEP LAYER
42;14.07.;14-24 h;65;399065;Heterotrophic bacteria;BACTERIA;DEEP LAYER
48;15.07.;15-06 h;0;306839;Heterotrophic bacteria;BACTERIA;SURFACE
48;15.07.;15-06 h;12;318298;Heterotrophic bacteria;BACTERIA;SURFACE
48;15.07.;15-06 h;20;308214;Heterotrophic bacteria;BACTERIA;SURFACE
48;15.07.;15-06 h;30;385314;Heterotrophic bacteria;BACTERIA;THERMOCLINE
48;15.07.;15-06 h;40;392464;Heterotrophic bacteria;BACTERIA;DEEP LAYER
48;15.07.;15-06 h;65;384305;Heterotrophic bacteria;BACTERIA;DEEP LAYER
60;15.07.;15-18 h;0;302072;Heterotrophic bacteria;BACTERIA;SURFACE
60;15.07.;15-18 h;12;308122;Heterotrophic bacteria;BACTERIA;SURFACE
60;15.07.;15-18 h;20;329575;Heterotrophic bacteria;BACTERIA;THERMOCLINE
60;15.07.;15-18 h;35;419967;Heterotrophic bacteria;BACTERIA;DEEP LAYER
60;15.07.;15-18 h;65;393839;Heterotrophic bacteria;BACTERIA;DEEP LAYER
72;16.07.;16-06 h;0;314631;Heterotrophic bacteria;BACTERIA;SURFACE
72;16.07.;16-06 h;12;314081;Heterotrophic bacteria;BACTERIA;SURFACE
72;16.07.;16-06 h;20;372846;Heterotrophic bacteria;BACTERIA;THERMOCLINE
72;16.07.;16-06 h;40;440594;Heterotrophic bacteria;BACTERIA;DEEP LAYER
72;16.07.;16-06 h;65;380821;Heterotrophic bacteria;BACTERIA;DEEP LAYER
84;16.07.;16-18 h;0;353227;Heterotrophic bacteria;BACTERIA;SURFACE
84;16.07.;16-18 h;12;350660;Heterotrophic bacteria;BACTERIA;SURFACE
84;16.07.;16-18 h;20;413733;Heterotrophic bacteria;BACTERIA;THERMOCLINE
84;16.07.;16-18 h;29;412816;Heterotrophic bacteria;BACTERIA;DEEP LAYER
84;16.07.;16-18 h;65;429043;Heterotrophic bacteria;BACTERIA;DEEP LAYER
96;17.07.;17-06 h;0;319490;Heterotrophic bacteria;BACTERIA;SURFACE
96;17.07.;17-06 h;12;315365;Heterotrophic bacteria;BACTERIA;SURFACE
96;17.07.;17-06 h;20;372846;Heterotrophic bacteria;BACTERIA;SURFACE
96;17.07.;17-06 h;29;398973;Heterotrophic bacteria;BACTERIA;THERMOCLINE
96;17.07.;17-06 h;40;395398;Heterotrophic bacteria;BACTERIA;DEEP LAYER
96;17.07.;17-06 h;65;407591;Heterotrophic bacteria;BACTERIA;DEEP LAYER
102;17.07.;17-12 h;0;307206;Heterotrophic bacteria;BACTERIA;SURFACE
102;17.07.;17-12 h;12;328475;Heterotrophic bacteria;BACTERIA;SURFACE
102;17.07.;17-12 h;20;392098;Heterotrophic bacteria;BACTERIA;THERMOCLINE
102;17.07.;17-12 h;29;405207;Heterotrophic bacteria;BACTERIA;DEEP LAYER
102;17.07.;17-12 h;65;366153;Heterotrophic bacteria;BACTERIA;DEEP LAYER
108;17.07.;17-18 h;0;341584;Heterotrophic bacteria;BACTERIA;SURFACE
108;17.07.;17-18 h;12;410891;Heterotrophic bacteria;BACTERIA;SURFACE
108;17.07.;17-18 h;20;405391;Heterotrophic bacteria;BACTERIA;THERMOCLINE
108;17.07.;17-18 h;29;384305;Heterotrophic bacteria;BACTERIA;DEEP LAYER
108;17.07.;17-18 h;40;447195;Heterotrophic bacteria;BACTERIA;DEEP LAYER
108;17.07.;17-18 h;65;404290;Heterotrophic bacteria;BACTERIA;DEEP LAYER
114;17.07.;17-24 h;0;334342;Heterotrophic bacteria;BACTERIA;SURFACE
114;17.07.;17-24 h;12;386964;Heterotrophic bacteria;BACTERIA;SURFACE
114;17.07.;17-24 h;20;433168;Heterotrophic bacteria;BACTERIA;THERMOCLINE
114;17.07.;17-24 h;29;444628;Heterotrophic bacteria;BACTERIA;THERMOCLINE
114;17.07.;17-24 h;40;445820;Heterotrophic bacteria;BACTERIA;DEEP LAYER
114;17.07.;17-24 h;65;397781;Heterotrophic bacteria;BACTERIA;DEEP LAYER
120;18.07.;18-06 h;0;304639;Heterotrophic bacteria;BACTERIA;SURFACE
120;18.07.;18-06 h;12;292721;Heterotrophic bacteria;BACTERIA;SURFACE
120;18.07.;18-06 h;20;383847;Heterotrophic bacteria;BACTERIA;SURFACE
120;18.07.;18-06 h;29;453154;Heterotrophic bacteria;BACTERIA;THERMOCLINE
120;18.07.;18-06 h;40;496516;Heterotrophic bacteria;BACTERIA;DEEP LAYER
120;18.07.;18-06 h;65;435094;Heterotrophic bacteria;BACTERIA;DEEP LAYER
126;18.07.;18-12 h;0;310048;Heterotrophic bacteria;BACTERIA;SURFACE
126;18.07.;18-12 h;20;391639;Heterotrophic bacteria;BACTERIA;SURFACE
126;18.07.;18-12 h;29;430051;Heterotrophic bacteria;BACTERIA;THERMOCLINE
126;18.07.;18-12 h;65;419234;Heterotrophic bacteria;BACTERIA;DEEP LAYER
132;18.07.;18-18 h;0;317748;Heterotrophic bacteria;BACTERIA;SURFACE
132;18.07.;18-18 h;12;467088;Heterotrophic bacteria;BACTERIA;THERMOCLINE
132;18.07.;18-18 h;20;469105;Heterotrophic bacteria;BACTERIA;THERMOCLINE
132;18.07.;18-18 h;29;420242;Heterotrophic bacteria;BACTERIA;DEEP LAYER
132;18.07.;18-18 h;40;464338;Heterotrophic bacteria;BACTERIA;DEEP LAYER
132;18.07.;18-18 h;65;422076;Heterotrophic bacteria;BACTERIA;DEEP LAYER
138;18.07.;18-24 h;0;381738;Heterotrophic bacteria;BACTERIA;SURFACE
138;18.07.;18-24 h;12;436285;Heterotrophic bacteria;BACTERIA;SURFACE
138;18.07.;18-24 h;20;492391;Heterotrophic bacteria;BACTERIA;THERMOCLINE
138;18.07.;18-24 h;29;483315;Heterotrophic bacteria;BACTERIA;DEEP LAYER
138;18.07.;18-24 h;40;494958;Heterotrophic bacteria;BACTERIA;DEEP LAYER
138;18.07.;18-24 h;65;441144;Heterotrophic bacteria;BACTERIA;DEEP LAYER
144;19.07.;19-06 h;0;336542;Heterotrophic bacteria;BACTERIA;SURFACE
144;19.07.;19-06 h;12;343234;Heterotrophic bacteria;BACTERIA;SURFACE
144;19.07.;19-06 h;20;401632;Heterotrophic bacteria;BACTERIA;SURFACE
144;19.07.;19-06 h;29;527136;Heterotrophic bacteria;BACTERIA;THERMOCLINE
144;19.07.;19-06 h;40;432618;Heterotrophic bacteria;BACTERIA;DEEP LAYER
144;19.07.;19-06 h;65;438302;Heterotrophic bacteria;BACTERIA;DEEP LAYER
150;19.07.;19-12 h;0;320224;Heterotrophic bacteria;BACTERIA;SURFACE
150;19.07.;19-12 h;20;325633;Heterotrophic bacteria;BACTERIA;SURFACE
150;19.07.;19-12 h;29;471030;Heterotrophic bacteria;BACTERIA;THERMOCLINE
150;19.07.;19-12 h;40;438027;Heterotrophic bacteria;BACTERIA;DEEP LAYER
150;19.07.;19-12 h;65;441878;Heterotrophic bacteria;BACTERIA;DEEP LAYER
156;19.07.;19-18 h;0;317382;Heterotrophic bacteria;BACTERIA;SURFACE
156;19.07.;19-18 h;12;481298;Heterotrophic bacteria;BACTERIA;THERMOCLINE
156;19.07.;19-18 h;20;523744;Heterotrophic bacteria;BACTERIA;THERMOCLINE
156;19.07.;19-18 h;29;454895;Heterotrophic bacteria;BACTERIA;DEEP LAYER
156;19.07.;19-18 h;40;466538;Heterotrophic bacteria;BACTERIA;DEEP LAYER
156;19.07.;19-18 h;65;452054;Heterotrophic bacteria;BACTERIA;DEEP LAYER
162;19.07.;19-24 h;0;336267;Heterotrophic bacteria;BACTERIA;SURFACE
162;19.07.;19-24 h;12;404474;Heterotrophic bacteria;BACTERIA;SURFACE
162;19.07.;19-24 h;20;497983;Heterotrophic bacteria;BACTERIA;THERMOCLINE
162;19.07.;19-24 h;29;464705;Heterotrophic bacteria;BACTERIA;DEEP LAYER
162;19.07.;19-24 h;40;435644;Heterotrophic bacteria;BACTERIA;DEEP LAYER
162;19.07.;19-24 h;65;458104;Heterotrophic bacteria;BACTERIA;DEEP LAYER
168;20.07.;20-06 h;0;318482;Heterotrophic bacteria;BACTERIA;SURFACE
168;20.07.;20-06 h;20;413366;Heterotrophic bacteria;BACTERIA;SURFACE
168;20.07.;20-06 h;29;517968;Heterotrophic bacteria;BACTERIA;THERMOCLINE
168;20.07.;20-06 h;40;434818;Heterotrophic bacteria;BACTERIA;DEEP LAYER
168;20.07.;20-06 h;65;449578;Heterotrophic bacteria;BACTERIA;DEEP LAYER
174;20.07.;20-12 h;0;320774;Heterotrophic bacteria;BACTERIA;SURFACE
174;20.07.;20-12 h;12;336634;Heterotrophic bacteria;BACTERIA;SURFACE
174;20.07.;20-12 h;20;468647;Heterotrophic bacteria;BACTERIA;THERMOCLINE
174;20.07.;20-12 h;29;471947;Heterotrophic bacteria;BACTERIA;THERMOCLINE
174;20.07.;20-12 h;40;455812;Heterotrophic bacteria;BACTERIA;DEEP LAYER
174;20.07.;20-12 h;65;443986;Heterotrophic bacteria;BACTERIA;DEEP LAYER
180;20.07.;20-18 h;0;401724;Heterotrophic bacteria;BACTERIA;SURFACE
180;20.07.;20-18 h;12;428034;Heterotrophic bacteria;BACTERIA;THERMOCLINE
180;20.07.;20-18 h;20;490191;Heterotrophic bacteria;BACTERIA;THERMOCLINE
180;20.07.;20-18 h;29;438394;Heterotrophic bacteria;BACTERIA;THERMOCLINE
180;20.07.;20-18 h;40;499633;Heterotrophic bacteria;BACTERIA;DEEP LAYER
180;20.07.;20-18 h;65;437935;Heterotrophic bacteria;BACTERIA;DEEP LAYER
192;21.07.;21-06 h;0;338009;Heterotrophic bacteria;BACTERIA;SURFACE
192;21.07.;21-06 h;12;356802;Heterotrophic bacteria;BACTERIA;SURFACE
192;21.07.;21-06 h;20;469014;Heterotrophic bacteria;BACTERIA;THERMOCLINE
192;21.07.;21-06 h;29;471489;Heterotrophic bacteria;BACTERIA;THERMOCLINE
192;21.07.;21-06 h;40;483773;Heterotrophic bacteria;BACTERIA;DEEP LAYER
192;21.07.;21-06 h;65;415567;Heterotrophic bacteria;BACTERIA;DEEP LAYER
204;21.07.;21-18 h;0;322424;Heterotrophic bacteria;BACTERIA;SURFACE
204;21.07.;21-18 h;12;447470;Heterotrophic bacteria;BACTERIA;SURFACE
204;21.07.;21-18 h;20;399340;Heterotrophic bacteria;BACTERIA;THERMOCLINE
204;21.07.;21-18 h;29;476806;Heterotrophic bacteria;BACTERIA;THERMOCLINE
204;21.07.;21-18 h;40;466630;Heterotrophic bacteria;BACTERIA;DEEP LAYER
204;21.07.;21-18 h;65;453887;Heterotrophic bacteria;BACTERIA;DEEP LAYER
216;22.07.;22-06 h;0;353319;Heterotrophic bacteria;BACTERIA;SURFACE
216;22.07.;22-06 h;12;361936;Heterotrophic bacteria;BACTERIA;SURFACE
216;22.07.;22-06 h;20;465255;Heterotrophic bacteria;BACTERIA;THERMOCLINE
216;22.07.;22-06 h;29;437294;Heterotrophic bacteria;BACTERIA;THERMOCLINE
216;22.07.;22-06 h;40;505684;Heterotrophic bacteria;BACTERIA;DEEP LAYER
216;22.07.;22-06 h;65;367620;Heterotrophic bacteria;BACTERIA;DEEP LAYER
228;22.07.;22-18 h;0;363128;Heterotrophic bacteria;BACTERIA;SURFACE
228;22.07.;22-18 h;12;440044;Heterotrophic bacteria;BACTERIA;SURFACE
228;22.07.;22-18 h;20;514576;Heterotrophic bacteria;BACTERIA;THERMOCLINE
228;22.07.;22-18 h;29;565273;Heterotrophic bacteria;BACTERIA;THERMOCLINE
228;22.07.;22-18 h;40;584892;Heterotrophic bacteria;BACTERIA;DEEP LAYER
228;22.07.;22-18 h;65;415658;Heterotrophic bacteria;BACTERIA;DEEP LAYER
240;23.07.;23-06 h;0;296663;Heterotrophic bacteria;BACTERIA;SURFACE
240;23.07.;23-06 h;12;333150;Heterotrophic bacteria;BACTERIA;SURFACE
240;23.07.;23-06 h;20;419875;Heterotrophic bacteria;BACTERIA;THERMOCLINE
240;23.07.;23-06 h;29;404657;Heterotrophic bacteria;BACTERIA;THERMOCLINE
240;23.07.;23-06 h;40;441969;Heterotrophic bacteria;BACTERIA;DEEP LAYER
240;23.07.;23-06 h;65;370462;Heterotrophic bacteria;BACTERIA;DEEP LAYER
252;23.07.;23-18 h;0;314631;Heterotrophic bacteria;BACTERIA;SURFACE
252;23.07.;23-18 h;12;365237;Heterotrophic bacteria;BACTERIA;SURFACE
252;23.07.;23-18 h;20;492483;Heterotrophic bacteria;BACTERIA;THERMOCLINE
252;23.07.;23-18 h;29;515493;Heterotrophic bacteria;BACTERIA;THERMOCLINE
252;23.07.;23-18 h;40;507334;Heterotrophic bacteria;BACTERIA;DEEP LAYER
252;23.07.;23-18 h;65;423726;Heterotrophic bacteria;BACTERIA;DEEP LAYER
0;13.07.;13-06 h;0;9422;Synechococcus;PICOPHYTOPLANKTON;SURFACE
0;13.07.;13-06 h;12;9734;Synechococcus;PICOPHYTOPLANKTON;SURFACE
0;13.07.;13-06 h;20;12009;Synechococcus;PICOPHYTOPLANKTON;THERMOCLINE
0;13.07.;13-06 h;30;12352;Synechococcus;PICOPHYTOPLANKTON;THERMOCLINE
0;13.07.;13-06 h;50;14719;Synechococcus;PICOPHYTOPLANKTON;DEEP LAYER
0;13.07.;13-06 h;65;11236;Synechococcus;PICOPHYTOPLANKTON;DEEP LAYER
0;13.07.;13-06 h;75;5474;Synechococcus;PICOPHYTOPLANKTON;DEEP LAYER
6;13.07.;13-12 h;0;8979;Synechococcus;PICOPHYTOPLANKTON;SURFACE
6;13.07.;13-12 h;12;8787;Synechococcus;PICOPHYTOPLANKTON;SURFACE
6;13.07.;13-12 h;20;8834;Synechococcus;PICOPHYTOPLANKTON;SURFACE
6;13.07.;13-12 h;30;13389;Synechococcus;PICOPHYTOPLANKTON;DEEP LAYER
6;13.07.;13-12 h;50;11646;Synechococcus;PICOPHYTOPLANKTON;DEEP LAYER
6;13.07.;13-12 h;75;2384;Synechococcus;PICOPHYTOPLANKTON;DEEP LAYER
24;14.07.;14-06 h;0;8739;Synechococcus;PICOPHYTOPLANKTON;SURFACE
24;14.07.;14-06 h;12;9168;Synechococcus;PICOPHYTOPLANKTON;SURFACE
24;14.07.;14-06 h;20;10660;Synechococcus;PICOPHYTOPLANKTON;THERMOCLINE
24;14.07.;14-06 h;30;12382;Synechococcus;PICOPHYTOPLANKTON;THERMOCLINE
24;14.07.;14-06 h;40;14061;Synechococcus;PICOPHYTOPLANKTON;THERMOCLINE
24;14.07.;14-06 h;75;3497;Synechococcus;PICOPHYTOPLANKTON;DEEP LAYER
30;14.07.;14-12 h;0;8871;Synechococcus;PICOPHYTOPLANKTON;SURFACE
30;14.07.;14-12 h;12;9000;Synechococcus;PICOPHYTOPLANKTON;SURFACE
30;14.07.;14-12 h;20;9693;Synechococcus;PICOPHYTOPLANKTON;THERMOCLINE
30;14.07.;14-12 h;30;11741;Synechococcus;PICOPHYTOPLANKTON;THERMOCLINE
30;14.07.;14-12 h;40;12961;Synechococcus;PICOPHYTOPLANKTON;DEEP LAYER
30;14.07.;14-12 h;50;11486;Synechococcus;PICOPHYTOPLANKTON;DEEP LAYER
30;14.07.;14-12 h;75;974;Synechococcus;PICOPHYTOPLANKTON;DEEP LAYER
36;14.07.;14-18 h;0;8737;Synechococcus;PICOPHYTOPLANKTON;SURFACE
36;14.07.;14-18 h;8;10908;Synechococcus;PICOPHYTOPLANKTON;THERMOCLINE
36;14.07.;14-18 h;12;11384;Synechococcus;PICOPHYTOPLANKTON;THERMOCLINE
36;14.07.;14-18 h;20;13088;Synechococcus;PICOPHYTOPLANKTON;THERMOCLINE
36;14.07.;14-18 h;30;13110;Synechococcus;PICOPHYTOPLANKTON;DEEP LAYER
36;14.07.;14-18 h;40;10683;Synechococcus;PICOPHYTOPLANKTON;DEEP LAYER
36;14.07.;14-18 h;65;3044;Synechococcus;PICOPHYTOPLANKTON;DEEP LAYER
42;14.07.;14-24 h;0;8907;Synechococcus;PICOPHYTOPLANKTON;SURFACE
42;14.07.;14-24 h;12;8551;Synechococcus;PICOPHYTOPLANKTON;THERMOCLINE
42;14.07.;14-24 h;20;12511;Synechococcus;PICOPHYTOPLANKTON;THERMOCLINE
42;14.07.;14-24 h;40;12163;Synechococcus;PICOPHYTOPLANKTON;DEEP LAYER
42;14.07.;14-24 h;65;10765;Synechococcus;PICOPHYTOPLANKTON;DEEP LAYER
48;15.07.;15-06 h;0;9283;Synechococcus;PICOPHYTOPLANKTON;SURFACE
48;15.07.;15-06 h;12;9010;Synechococcus;PICOPHYTOPLANKTON;SURFACE
48;15.07.;15-06 h;20;9508;Synechococcus;PICOPHYTOPLANKTON;SURFACE
48;15.07.;15-06 h;30;12712;Synechococcus;PICOPHYTOPLANKTON;THERMOCLINE
48;15.07.;15-06 h;40;12298;Synechococcus;PICOPHYTOPLANKTON;DEEP LAYER
48;15.07.;15-06 h;65;9602;Synechococcus;PICOPHYTOPLANKTON;DEEP LAYER
60;15.07.;15-18 h;0;8135;Synechococcus;PICOPHYTOPLANKTON;SURFACE
60;15.07.;15-18 h;12;8297;Synechococcus;PICOPHYTOPLANKTON;SURFACE
60;15.07.;15-18 h;20;9268;Synechococcus;PICOPHYTOPLANKTON;THERMOCLINE
60;15.07.;15-18 h;35;12594;Synechococcus;PICOPHYTOPLANKTON;DEEP LAYER
60;15.07.;15-18 h;65;1851;Synechococcus;PICOPHYTOPLANKTON;DEEP LAYER
72;16.07.;16-06 h;0;8377;Synechococcus;PICOPHYTOPLANKTON;SURFACE
72;16.07.;16-06 h;12;8428;Synechococcus;PICOPHYTOPLANKTON;SURFACE
72;16.07.;16-06 h;20;10365;Synechococcus;PICOPHYTOPLANKTON;THERMOCLINE
72;16.07.;16-06 h;40;12928;Synechococcus;PICOPHYTOPLANKTON;DEEP LAYER
72;16.07.;16-06 h;65;5543;Synechococcus;PICOPHYTOPLANKTON;DEEP LAYER
84;16.07.;16-18 h;0;7474;Synechococcus;PICOPHYTOPLANKTON;SURFACE
84;16.07.;16-18 h;12;8975;Synechococcus;PICOPHYTOPLANKTON;SURFACE
84;16.07.;16-18 h;20;10566;Synechococcus;PICOPHYTOPLANKTON;THERMOCLINE
84;16.07.;16-18 h;29;5646;Synechococcus;PICOPHYTOPLANKTON;DEEP LAYER
84;16.07.;16-18 h;65;7374;Synechococcus;PICOPHYTOPLANKTON;DEEP LAYER
96;17.07.;17-06 h;0;8953;Synechococcus;PICOPHYTOPLANKTON;SURFACE
96;17.07.;17-06 h;12;8959;Synechococcus;PICOPHYTOPLANKTON;SURFACE
96;17.07.;17-06 h;20;11942;Synechococcus;PICOPHYTOPLANKTON;SURFACE
96;17.07.;17-06 h;29;12876;Synechococcus;PICOPHYTOPLANKTON;THERMOCLINE
96;17.07.;17-06 h;40;11812;Synechococcus;PICOPHYTOPLANKTON;DEEP LAYER
96;17.07.;17-06 h;65;6193;Synechococcus;PICOPHYTOPLANKTON;DEEP LAYER
102;17.07.;17-12 h;0;9160;Synechococcus;PICOPHYTOPLANKTON;SURFACE
102;17.07.;17-12 h;12;9008;Synechococcus;PICOPHYTOPLANKTON;SURFACE
102;17.07.;17-12 h;20;10736;Synechococcus;PICOPHYTOPLANKTON;THERMOCLINE
102;17.07.;17-12 h;29;12917;Synechococcus;PICOPHYTOPLANKTON;DEEP LAYER
102;17.07.;17-12 h;65;7321;Synechococcus;PICOPHYTOPLANKTON;DEEP LAYER
108;17.07.;17-18 h;0;8776;Synechococcus;PICOPHYTOPLANKTON;SURFACE
108;17.07.;17-18 h;12;10287;Synechococcus;PICOPHYTOPLANKTON;SURFACE
108;17.07.;17-18 h;20;11749;Synechococcus;PICOPHYTOPLANKTON;THERMOCLINE
108;17.07.;17-18 h;29;11880;Synechococcus;PICOPHYTOPLANKTON;DEEP LAYER
108;17.07.;17-18 h;40;11120;Synechococcus;PICOPHYTOPLANKTON;DEEP LAYER
108;17.07.;17-18 h;65;3206;Synechococcus;PICOPHYTOPLANKTON;DEEP LAYER
114;17.07.;17-24 h;0;8784;Synechococcus;PICOPHYTOPLANKTON;SURFACE
114;17.07.;17-24 h;12;12259;Synechococcus;PICOPHYTOPLANKTON;SURFACE
114;17.07.;17-24 h;20;11845;Synechococcus;PICOPHYTOPLANKTON;THERMOCLINE
114;17.07.;17-24 h;29;13002;Synechococcus;PICOPHYTOPLANKTON;THERMOCLINE
114;17.07.;17-24 h;40;13858;Synechococcus;PICOPHYTOPLANKTON;DEEP LAYER
114;17.07.;17-24 h;65;5287;Synechococcus;PICOPHYTOPLANKTON;DEEP LAYER
120;18.07.;18-06 h;0;9453;Synechococcus;PICOPHYTOPLANKTON;SURFACE
120;18.07.;18-06 h;12;9527;Synechococcus;PICOPHYTOPLANKTON;SURFACE
120;18.07.;18-06 h;20;11691;Synechococcus;PICOPHYTOPLANKTON;SURFACE
120;18.07.;18-06 h;29;13434;Synechococcus;PICOPHYTOPLANKTON;THERMOCLINE
120;18.07.;18-06 h;40;16261;Synechococcus;PICOPHYTOPLANKTON;DEEP LAYER
120;18.07.;18-06 h;65;4729;Synechococcus;PICOPHYTOPLANKTON;DEEP LAYER
126;18.07.;18-12 h;0;8766;Synechococcus;PICOPHYTOPLANKTON;SURFACE
126;18.07.;18-12 h;20;10705;Synechococcus;PICOPHYTOPLANKTON;SURFACE
126;18.07.;18-12 h;29;12471;Synechococcus;PICOPHYTOPLANKTON;THERMOCLINE
126;18.07.;18-12 h;65;2934;Synechococcus;PICOPHYTOPLANKTON;DEEP LAYER
132;18.07.;18-18 h;0;6870;Synechococcus;PICOPHYTOPLANKTON;SURFACE
132;18.07.;18-18 h;12;11827;Synechococcus;PICOPHYTOPLANKTON;THERMOCLINE
132;18.07.;18-18 h;20;13002;Synechococcus;PICOPHYTOPLANKTON;THERMOCLINE
132;18.07.;18-18 h;29;11472;Synechococcus;PICOPHYTOPLANKTON;DEEP LAYER
132;18.07.;18-18 h;40;11610;Synechococcus;PICOPHYTOPLANKTON;DEEP LAYER
132;18.07.;18-18 h;65;3586;Synechococcus;PICOPHYTOPLANKTON;DEEP LAYER
138;18.07.;18-24 h;0;9803;Synechococcus;PICOPHYTOPLANKTON;SURFACE
138;18.07.;18-24 h;12;11409;Synechococcus;PICOPHYTOPLANKTON;SURFACE
138;18.07.;18-24 h;20;13547;Synechococcus;PICOPHYTOPLANKTON;THERMOCLINE
138;18.07.;18-24 h;29;14443;Synechococcus;PICOPHYTOPLANKTON;DEEP LAYER
138;18.07.;18-24 h;40;14297;Synechococcus;PICOPHYTOPLANKTON;DEEP LAYER
138;18.07.;18-24 h;65;6486;Synechococcus;PICOPHYTOPLANKTON;DEEP LAYER
144;19.07.;19-06 h;0;9619;Synechococcus;PICOPHYTOPLANKTON;SURFACE
144;19.07.;19-06 h;12;10154;Synechococcus;PICOPHYTOPLANKTON;SURFACE
144;19.07.;19-06 h;20;11093;Synechococcus;PICOPHYTOPLANKTON;SURFACE
144;19.07.;19-06 h;29;13906;Synechococcus;PICOPHYTOPLANKTON;THERMOCLINE
144;19.07.;19-06 h;40;14529;Synechococcus;PICOPHYTOPLANKTON;DEEP LAYER
144;19.07.;19-06 h;65;7310;Synechococcus;PICOPHYTOPLANKTON;DEEP LAYER
150;19.07.;19-12 h;0;9445;Synechococcus;PICOPHYTOPLANKTON;SURFACE
150;19.07.;19-12 h;20;8920;Synechococcus;PICOPHYTOPLANKTON;SURFACE
150;19.07.;19-12 h;29;12569;Synechococcus;PICOPHYTOPLANKTON;THERMOCLINE
150;19.07.;19-12 h;40;13330;Synechococcus;PICOPHYTOPLANKTON;DEEP LAYER
150;19.07.;19-12 h;65;8055;Synechococcus;PICOPHYTOPLANKTON;DEEP LAYER
156;19.07.;19-18 h;0;8696;Synechococcus;PICOPHYTOPLANKTON;SURFACE
156;19.07.;19-18 h;12;11981;Synechococcus;PICOPHYTOPLANKTON;THERMOCLINE
156;19.07.;19-18 h;20;14845;Synechococcus;PICOPHYTOPLANKTON;THERMOCLINE
156;19.07.;19-18 h;29;13040;Synechococcus;PICOPHYTOPLANKTON;DEEP LAYER
156;19.07.;19-18 h;40;12807;Synechococcus;PICOPHYTOPLANKTON;DEEP LAYER
156;19.07.;19-18 h;65;4063;Synechococcus;PICOPHYTOPLANKTON;DEEP LAYER
162;19.07.;19-24 h;0;9631;Synechococcus;PICOPHYTOPLANKTON;SURFACE
162;19.07.;19-24 h;12;11027;Synechococcus;PICOPHYTOPLANKTON;SURFACE
162;19.07.;19-24 h;20;13416;Synechococcus;PICOPHYTOPLANKTON;THERMOCLINE
162;19.07.;19-24 h;29;13992;Synechococcus;PICOPHYTOPLANKTON;DEEP LAYER
162;19.07.;19-24 h;40;13649;Synechococcus;PICOPHYTOPLANKTON;DEEP LAYER
162;19.07.;19-24 h;65;10863;Synechococcus;PICOPHYTOPLANKTON;DEEP LAYER
168;20.07.;20-06 h;0;10767;Synechococcus;PICOPHYTOPLANKTON;SURFACE
168;20.07.;20-06 h;20;12169;Synechococcus;PICOPHYTOPLANKTON;SURFACE
168;20.07.;20-06 h;29;12956;Synechococcus;PICOPHYTOPLANKTON;THERMOCLINE
168;20.07.;20-06 h;40;15054;Synechococcus;PICOPHYTOPLANKTON;DEEP LAYER
168;20.07.;20-06 h;65;12723;Synechococcus;PICOPHYTOPLANKTON;DEEP LAYER
174;20.07.;20-12 h;0;8891;Synechococcus;PICOPHYTOPLANKTON;SURFACE
174;20.07.;20-12 h;12;9974;Synechococcus;PICOPHYTOPLANKTON;SURFACE
174;20.07.;20-12 h;20;11812;Synechococcus;PICOPHYTOPLANKTON;THERMOCLINE
174;20.07.;20-12 h;29;13334;Synechococcus;PICOPHYTOPLANKTON;THERMOCLINE
174;20.07.;20-12 h;40;14037;Synechococcus;PICOPHYTOPLANKTON;DEEP LAYER
174;20.07.;20-12 h;65;4006;Synechococcus;PICOPHYTOPLANKTON;DEEP LAYER
180;20.07.;20-18 h;0;8770;Synechococcus;PICOPHYTOPLANKTON;SURFACE
180;20.07.;20-18 h;12;11179;Synechococcus;PICOPHYTOPLANKTON;THERMOCLINE
180;20.07.;20-18 h;20;13604;Synechococcus;PICOPHYTOPLANKTON;THERMOCLINE
180;20.07.;20-18 h;29;15451;Synechococcus;PICOPHYTOPLANKTON;THERMOCLINE
180;20.07.;20-18 h;40;14006;Synechococcus;PICOPHYTOPLANKTON;DEEP LAYER
180;20.07.;20-18 h;65;5297;Synechococcus;PICOPHYTOPLANKTON;DEEP LAYER
192;21.07.;21-06 h;0;11776;Synechococcus;PICOPHYTOPLANKTON;SURFACE
192;21.07.;21-06 h;12;11263;Synechococcus;PICOPHYTOPLANKTON;SURFACE
192;21.07.;21-06 h;20;13518;Synechococcus;PICOPHYTOPLANKTON;THERMOCLINE
192;21.07.;21-06 h;29;15281;Synechococcus;PICOPHYTOPLANKTON;THERMOCLINE
192;21.07.;21-06 h;40;16347;Synechococcus;PICOPHYTOPLANKTON;DEEP LAYER
192;21.07.;21-06 h;65;3823;Synechococcus;PICOPHYTOPLANKTON;DEEP LAYER
204;21.07.;21-18 h;0;9391;Synechococcus;PICOPHYTOPLANKTON;SURFACE
204;21.07.;21-18 h;12;10986;Synechococcus;PICOPHYTOPLANKTON;SURFACE
204;21.07.;21-18 h;20;11544;Synechococcus;PICOPHYTOPLANKTON;THERMOCLINE
204;21.07.;21-18 h;29;15589;Synechococcus;PICOPHYTOPLANKTON;THERMOCLINE
204;21.07.;21-18 h;40;16770;Synechococcus;PICOPHYTOPLANKTON;DEEP LAYER
204;21.07.;21-18 h;65;6507;Synechococcus;PICOPHYTOPLANKTON;DEEP LAYER
216;22.07.;22-06 h;0;9898;Synechococcus;PICOPHYTOPLANKTON;SURFACE
216;22.07.;22-06 h;12;11255;Synechococcus;PICOPHYTOPLANKTON;SURFACE
216;22.07.;22-06 h;20;13731;Synechococcus;PICOPHYTOPLANKTON;THERMOCLINE
216;22.07.;22-06 h;29;15988;Synechococcus;PICOPHYTOPLANKTON;THERMOCLINE
216;22.07.;22-06 h;40;17313;Synechococcus;PICOPHYTOPLANKTON;DEEP LAYER
216;22.07.;22-06 h;65;6339;Synechococcus;PICOPHYTOPLANKTON;DEEP LAYER
228;22.07.;22-18 h;0;9482;Synechococcus;PICOPHYTOPLANKTON;SURFACE
228;22.07.;22-18 h;12;12710;Synechococcus;PICOPHYTOPLANKTON;SURFACE
228;22.07.;22-18 h;20;14092;Synechococcus;PICOPHYTOPLANKTON;THERMOCLINE
228;22.07.;22-18 h;29;17688;Synechococcus;PICOPHYTOPLANKTON;THERMOCLINE
228;22.07.;22-18 h;40;18280;Synechococcus;PICOPHYTOPLANKTON;DEEP LAYER
228;22.07.;22-18 h;65;2034;Synechococcus;PICOPHYTOPLANKTON;DEEP LAYER
240;23.07.;23-06 h;0;11501;Synechococcus;PICOPHYTOPLANKTON;SURFACE
240;23.07.;23-06 h;12;12216;Synechococcus;PICOPHYTOPLANKTON;SURFACE
240;23.07.;23-06 h;20;13576;Synechococcus;PICOPHYTOPLANKTON;THERMOCLINE
240;23.07.;23-06 h;29;15548;Synechococcus;PICOPHYTOPLANKTON;THERMOCLINE
240;23.07.;23-06 h;40;16649;Synechococcus;PICOPHYTOPLANKTON;DEEP LAYER
240;23.07.;23-06 h;65;6144;Synechococcus;PICOPHYTOPLANKTON;DEEP LAYER
252;23.07.;23-18 h;0;8143;Synechococcus;PICOPHYTOPLANKTON;SURFACE
252;23.07.;23-18 h;12;9578;Synechococcus;PICOPHYTOPLANKTON;SURFACE
252;23.07.;23-18 h;20;12983;Synechococcus;PICOPHYTOPLANKTON;THERMOCLINE
252;23.07.;23-18 h;29;14691;Synechococcus;PICOPHYTOPLANKTON;THERMOCLINE
252;23.07.;23-18 h;40;16419;Synechococcus;PICOPHYTOPLANKTON;DEEP LAYER
252;23.07.;23-18 h;65;5623;Synechococcus;PICOPHYTOPLANKTON;DEEP LAYER
0;13.07.;13-06 h;0;416;Prochlorococcus;PICOPHYTOPLANKTON;SURFACE
0;13.07.;13-06 h;12;783;Prochlorococcus;PICOPHYTOPLANKTON;SURFACE
0;13.07.;13-06 h;20;3311;Prochlorococcus;PICOPHYTOPLANKTON;THERMOCLINE
0;13.07.;13-06 h;30;6802;Prochlorococcus;PICOPHYTOPLANKTON;THERMOCLINE
0;13.07.;13-06 h;50;14420;Prochlorococcus;PICOPHYTOPLANKTON;DEEP LAYER
0;13.07.;13-06 h;65;26657;Prochlorococcus;PICOPHYTOPLANKTON;DEEP LAYER
0;13.07.;13-06 h;75;25493;Prochlorococcus;PICOPHYTOPLANKTON;DEEP LAYER
6;13.07.;13-12 h;0;363;Prochlorococcus;PICOPHYTOPLANKTON;SURFACE
6;13.07.;13-12 h;12;445;Prochlorococcus;PICOPHYTOPLANKTON;SURFACE
6;13.07.;13-12 h;20;469;Prochlorococcus;PICOPHYTOPLANKTON;SURFACE
6;13.07.;13-12 h;30;11958;Prochlorococcus;PICOPHYTOPLANKTON;DEEP LAYER
6;13.07.;13-12 h;50;18641;Prochlorococcus;PICOPHYTOPLANKTON;DEEP LAYER
6;13.07.;13-12 h;75;16835;Prochlorococcus;PICOPHYTOPLANKTON;DEEP LAYER
24;14.07.;14-06 h;0;488;Prochlorococcus;PICOPHYTOPLANKTON;SURFACE
24;14.07.;14-06 h;12;746;Prochlorococcus;PICOPHYTOPLANKTON;SURFACE
24;14.07.;14-06 h;20;3409;Prochlorococcus;PICOPHYTOPLANKTON;THERMOCLINE
24;14.07.;14-06 h;30;8317;Prochlorococcus;PICOPHYTOPLANKTON;THERMOCLINE
24;14.07.;14-06 h;40;12143;Prochlorococcus;PICOPHYTOPLANKTON;THERMOCLINE
24;14.07.;14-06 h;75;20558;Prochlorococcus;PICOPHYTOPLANKTON;DEEP LAYER
30;14.07.;14-12 h;0;480;Prochlorococcus;PICOPHYTOPLANKTON;SURFACE
30;14.07.;14-12 h;12;734;Prochlorococcus;PICOPHYTOPLANKTON;SURFACE
30;14.07.;14-12 h;20;1800;Prochlorococcus;PICOPHYTOPLANKTON;THERMOCLINE
30;14.07.;14-12 h;30;6736;Prochlorococcus;PICOPHYTOPLANKTON;THERMOCLINE
30;14.07.;14-12 h;40;17788;Prochlorococcus;PICOPHYTOPLANKTON;DEEP LAYER
30;14.07.;14-12 h;50;24615;Prochlorococcus;PICOPHYTOPLANKTON;DEEP LAYER
30;14.07.;14-12 h;75;11509;Prochlorococcus;PICOPHYTOPLANKTON;DEEP LAYER
36;14.07.;14-18 h;0;582;Prochlorococcus;PICOPHYTOPLANKTON;SURFACE
36;14.07.;14-18 h;8;2925;Prochlorococcus;PICOPHYTOPLANKTON;THERMOCLINE
36;14.07.;14-18 h;12;3983;Prochlorococcus;PICOPHYTOPLANKTON;THERMOCLINE
36;14.07.;14-18 h;20;9438;Prochlorococcus;PICOPHYTOPLANKTON;THERMOCLINE
36;14.07.;14-18 h;30;12415;Prochlorococcus;PICOPHYTOPLANKTON;DEEP LAYER
36;14.07.;14-18 h;40;19785;Prochlorococcus;PICOPHYTOPLANKTON;DEEP LAYER
36;14.07.;14-18 h;65;17040;Prochlorococcus;PICOPHYTOPLANKTON;DEEP LAYER
42;14.07.;14-24 h;0;962;Prochlorococcus;PICOPHYTOPLANKTON;SURFACE
42;14.07.;14-24 h;12;2893;Prochlorococcus;PICOPHYTOPLANKTON;THERMOCLINE
42;14.07.;14-24 h;20;7759;Prochlorococcus;PICOPHYTOPLANKTON;THERMOCLINE
42;14.07.;14-24 h;40;14191;Prochlorococcus;PICOPHYTOPLANKTON;DEEP LAYER
42;14.07.;14-24 h;65;17128;Prochlorococcus;PICOPHYTOPLANKTON;DEEP LAYER
48;15.07.;15-06 h;0;605;Prochlorococcus;PICOPHYTOPLANKTON;SURFACE
48;15.07.;15-06 h;12;1060;Prochlorococcus;PICOPHYTOPLANKTON;SURFACE
48;15.07.;15-06 h;20;1607;Prochlorococcus;PICOPHYTOPLANKTON;SURFACE
48;15.07.;15-06 h;30;8251;Prochlorococcus;PICOPHYTOPLANKTON;THERMOCLINE
48;15.07.;15-06 h;40;13051;Prochlorococcus;PICOPHYTOPLANKTON;DEEP LAYER
48;15.07.;15-06 h;65;21995;Prochlorococcus;PICOPHYTOPLANKTON;DEEP LAYER
60;15.07.;15-18 h;0;474;Prochlorococcus;PICOPHYTOPLANKTON;SURFACE
60;15.07.;15-18 h;12;986;Prochlorococcus;PICOPHYTOPLANKTON;SURFACE
60;15.07.;15-18 h;20;1429;Prochlorococcus;PICOPHYTOPLANKTON;THERMOCLINE
60;15.07.;15-18 h;35;8299;Prochlorococcus;PICOPHYTOPLANKTON;DEEP LAYER
60;15.07.;15-18 h;65;711;Prochlorococcus;PICOPHYTOPLANKTON;DEEP LAYER
72;16.07.;16-06 h;0;430;Prochlorococcus;PICOPHYTOPLANKTON;SURFACE
72;16.07.;16-06 h;12;912;Prochlorococcus;PICOPHYTOPLANKTON;SURFACE
72;16.07.;16-06 h;20;2909;Prochlorococcus;PICOPHYTOPLANKTON;THERMOCLINE
72;16.07.;16-06 h;40;13334;Prochlorococcus;PICOPHYTOPLANKTON;DEEP LAYER
72;16.07.;16-06 h;65;15295;Prochlorococcus;PICOPHYTOPLANKTON;DEEP LAYER
84;16.07.;16-18 h;0;277;Prochlorococcus;PICOPHYTOPLANKTON;SURFACE
84;16.07.;16-18 h;12;904;Prochlorococcus;PICOPHYTOPLANKTON;SURFACE
84;16.07.;16-18 h;20;3973;Prochlorococcus;PICOPHYTOPLANKTON;THERMOCLINE
84;16.07.;16-18 h;29;6382;Prochlorococcus;PICOPHYTOPLANKTON;DEEP LAYER
84;16.07.;16-18 h;65;22557;Prochlorococcus;PICOPHYTOPLANKTON;DEEP LAYER
96;17.07.;17-06 h;0;615;Prochlorococcus;PICOPHYTOPLANKTON;SURFACE
96;17.07.;17-06 h;12;982;Prochlorococcus;PICOPHYTOPLANKTON;SURFACE
96;17.07.;17-06 h;20;2895;Prochlorococcus;PICOPHYTOPLANKTON;SURFACE
96;17.07.;17-06 h;29;11581;Prochlorococcus;PICOPHYTOPLANKTON;THERMOCLINE
96;17.07.;17-06 h;40;17085;Prochlorococcus;PICOPHYTOPLANKTON;DEEP LAYER
96;17.07.;17-06 h;65;25456;Prochlorococcus;PICOPHYTOPLANKTON;DEEP LAYER
102;17.07.;17-12 h;0;258;Prochlorococcus;PICOPHYTOPLANKTON;SURFACE
102;17.07.;17-12 h;12;763;Prochlorococcus;PICOPHYTOPLANKTON;SURFACE
102;17.07.;17-12 h;20;2075;Prochlorococcus;PICOPHYTOPLANKTON;THERMOCLINE
102;17.07.;17-12 h;29;9127;Prochlorococcus;PICOPHYTOPLANKTON;DEEP LAYER
102;17.07.;17-12 h;65;24205;Prochlorococcus;PICOPHYTOPLANKTON;DEEP LAYER
108;17.07.;17-18 h;0;453;Prochlorococcus;PICOPHYTOPLANKTON;SURFACE
108;17.07.;17-18 h;12;2386;Prochlorococcus;PICOPHYTOPLANKTON;SURFACE
108;17.07.;17-18 h;20;5949;Prochlorococcus;PICOPHYTOPLANKTON;THERMOCLINE
108;17.07.;17-18 h;29;12101;Prochlorococcus;PICOPHYTOPLANKTON;DEEP LAYER
108;17.07.;17-18 h;40;21245;Prochlorococcus;PICOPHYTOPLANKTON;DEEP LAYER
108;17.07.;17-18 h;65;22296;Prochlorococcus;PICOPHYTOPLANKTON;DEEP LAYER
114;17.07.;17-24 h;0;443;Prochlorococcus;PICOPHYTOPLANKTON;SURFACE
114;17.07.;17-24 h;12;611;Prochlorococcus;PICOPHYTOPLANKTON;SURFACE
114;17.07.;17-24 h;20;3169;Prochlorococcus;PICOPHYTOPLANKTON;THERMOCLINE
114;17.07.;17-24 h;29;5970;Prochlorococcus;PICOPHYTOPLANKTON;THERMOCLINE
114;17.07.;17-24 h;40;10377;Prochlorococcus;PICOPHYTOPLANKTON;DEEP LAYER
114;17.07.;17-24 h;65;21930;Prochlorococcus;PICOPHYTOPLANKTON;DEEP LAYER
120;18.07.;18-06 h;0;400;Prochlorococcus;PICOPHYTOPLANKTON;SURFACE
120;18.07.;18-06 h;12;336;Prochlorococcus;PICOPHYTOPLANKTON;SURFACE
120;18.07.;18-06 h;20;3376;Prochlorococcus;PICOPHYTOPLANKTON;SURFACE
120;18.07.;18-06 h;29;6107;Prochlorococcus;PICOPHYTOPLANKTON;THERMOCLINE
120;18.07.;18-06 h;40;12110;Prochlorococcus;PICOPHYTOPLANKTON;DEEP LAYER
120;18.07.;18-06 h;65;25738;Prochlorococcus;PICOPHYTOPLANKTON;DEEP LAYER
126;18.07.;18-12 h;0;258;Prochlorococcus;PICOPHYTOPLANKTON;SURFACE
126;18.07.;18-12 h;20;2048;Prochlorococcus;PICOPHYTOPLANKTON;SURFACE
126;18.07.;18-12 h;29;8194;Prochlorococcus;PICOPHYTOPLANKTON;THERMOCLINE
126;18.07.;18-12 h;65;23994;Prochlorococcus;PICOPHYTOPLANKTON;DEEP LAYER
132;18.07.;18-18 h;0;908;Prochlorococcus;PICOPHYTOPLANKTON;SURFACE
132;18.07.;18-18 h;12;3637;Prochlorococcus;PICOPHYTOPLANKTON;THERMOCLINE
132;18.07.;18-18 h;20;5586;Prochlorococcus;PICOPHYTOPLANKTON;THERMOCLINE
132;18.07.;18-18 h;29;11517;Prochlorococcus;PICOPHYTOPLANKTON;DEEP LAYER
132;18.07.;18-18 h;40;19115;Prochlorococcus;PICOPHYTOPLANKTON;DEEP LAYER
132;18.07.;18-18 h;65;18818;Prochlorococcus;PICOPHYTOPLANKTON;DEEP LAYER
138;18.07.;18-24 h;0;599;Prochlorococcus;PICOPHYTOPLANKTON;SURFACE
138;18.07.;18-24 h;12;2052;Prochlorococcus;PICOPHYTOPLANKTON;SURFACE
138;18.07.;18-24 h;20;8538;Prochlorococcus;PICOPHYTOPLANKTON;THERMOCLINE
138;18.07.;18-24 h;29;12411;Prochlorococcus;PICOPHYTOPLANKTON;DEEP LAYER
138;18.07.;18-24 h;40;20986;Prochlorococcus;PICOPHYTOPLANKTON;DEEP LAYER
138;18.07.;18-24 h;65;28914;Prochlorococcus;PICOPHYTOPLANKTON;DEEP LAYER
144;19.07.;19-06 h;0;320;Prochlorococcus;PICOPHYTOPLANKTON;SURFACE
144;19.07.;19-06 h;12;562;Prochlorococcus;PICOPHYTOPLANKTON;SURFACE
144;19.07.;19-06 h;20;2169;Prochlorococcus;PICOPHYTOPLANKTON;SURFACE
144;19.07.;19-06 h;29;5615;Prochlorococcus;PICOPHYTOPLANKTON;THERMOCLINE
144;19.07.;19-06 h;40;10300;Prochlorococcus;PICOPHYTOPLANKTON;DEEP LAYER
144;19.07.;19-06 h;65;36350;Prochlorococcus;PICOPHYTOPLANKTON;DEEP LAYER
150;19.07.;19-12 h;0;199;Prochlorococcus;PICOPHYTOPLANKTON;SURFACE
150;19.07.;19-12 h;20;660;Prochlorococcus;PICOPHYTOPLANKTON;SURFACE
150;19.07.;19-12 h;29;5279;Prochlorococcus;PICOPHYTOPLANKTON;THERMOCLINE
150;19.07.;19-12 h;40;11435;Prochlorococcus;PICOPHYTOPLANKTON;DEEP LAYER
150;19.07.;19-12 h;65;31104;Prochlorococcus;PICOPHYTOPLANKTON;DEEP LAYER
156;19.07.;19-18 h;0;246;Prochlorococcus;PICOPHYTOPLANKTON;SURFACE
156;19.07.;19-18 h;12;2995;Prochlorococcus;PICOPHYTOPLANKTON;THERMOCLINE
156;19.07.;19-18 h;20;6624;Prochlorococcus;PICOPHYTOPLANKTON;THERMOCLINE
156;19.07.;19-18 h;29;15160;Prochlorococcus;PICOPHYTOPLANKTON;DEEP LAYER
156;19.07.;19-18 h;40;25843;Prochlorococcus;PICOPHYTOPLANKTON;DEEP LAYER
156;19.07.;19-18 h;65;29884;Prochlorococcus;PICOPHYTOPLANKTON;DEEP LAYER
162;19.07.;19-24 h;0;400;Prochlorococcus;PICOPHYTOPLANKTON;SURFACE
162;19.07.;19-24 h;12;1015;Prochlorococcus;PICOPHYTOPLANKTON;SURFACE
162;19.07.;19-24 h;20;5172;Prochlorococcus;PICOPHYTOPLANKTON;THERMOCLINE
162;19.07.;19-24 h;29;9767;Prochlorococcus;PICOPHYTOPLANKTON;DEEP LAYER
162;19.07.;19-24 h;40;11421;Prochlorococcus;PICOPHYTOPLANKTON;DEEP LAYER
162;19.07.;19-24 h;65;28982;Prochlorococcus;PICOPHYTOPLANKTON;DEEP LAYER
168;20.07.;20-06 h;0;357;Prochlorococcus;PICOPHYTOPLANKTON;SURFACE
168;20.07.;20-06 h;20;1980;Prochlorococcus;PICOPHYTOPLANKTON;SURFACE
168;20.07.;20-06 h;29;3188;Prochlorococcus;PICOPHYTOPLANKTON;THERMOCLINE
168;20.07.;20-06 h;40;11894;Prochlorococcus;PICOPHYTOPLANKTON;DEEP LAYER
168;20.07.;20-06 h;65;32869;Prochlorococcus;PICOPHYTOPLANKTON;DEEP LAYER
174;20.07.;20-12 h;0;269;Prochlorococcus;PICOPHYTOPLANKTON;SURFACE
174;20.07.;20-12 h;12;506;Prochlorococcus;PICOPHYTOPLANKTON;SURFACE
174;20.07.;20-12 h;20;1679;Prochlorococcus;PICOPHYTOPLANKTON;THERMOCLINE
174;20.07.;20-12 h;29;9104;Prochlorococcus;PICOPHYTOPLANKTON;THERMOCLINE
174;20.07.;20-12 h;40;18270;Prochlorococcus;PICOPHYTOPLANKTON;DEEP LAYER
174;20.07.;20-12 h;65;30286;Prochlorococcus;PICOPHYTOPLANKTON;DEEP LAYER
180;20.07.;20-18 h;0;418;Prochlorococcus;PICOPHYTOPLANKTON;SURFACE
180;20.07.;20-18 h;12;1218;Prochlorococcus;PICOPHYTOPLANKTON;THERMOCLINE
180;20.07.;20-18 h;20;5304;Prochlorococcus;PICOPHYTOPLANKTON;THERMOCLINE
180;20.07.;20-18 h;29;9057;Prochlorococcus;PICOPHYTOPLANKTON;THERMOCLINE
180;20.07.;20-18 h;40;20443;Prochlorococcus;PICOPHYTOPLANKTON;DEEP LAYER
180;20.07.;20-18 h;65;28990;Prochlorococcus;PICOPHYTOPLANKTON;DEEP LAYER
192;21.07.;21-06 h;0;488;Prochlorococcus;PICOPHYTOPLANKTON;SURFACE
192;21.07.;21-06 h;12;853;Prochlorococcus;PICOPHYTOPLANKTON;SURFACE
192;21.07.;21-06 h;20;2677;Prochlorococcus;PICOPHYTOPLANKTON;THERMOCLINE
192;21.07.;21-06 h;29;8114;Prochlorococcus;PICOPHYTOPLANKTON;THERMOCLINE
192;21.07.;21-06 h;40;17397;Prochlorococcus;PICOPHYTOPLANKTON;DEEP LAYER
192;21.07.;21-06 h;65;43080;Prochlorococcus;PICOPHYTOPLANKTON;DEEP LAYER
204;21.07.;21-18 h;0;398;Prochlorococcus;PICOPHYTOPLANKTON;SURFACE
204;21.07.;21-18 h;12;836;Prochlorococcus;PICOPHYTOPLANKTON;SURFACE
204;21.07.;21-18 h;20;1556;Prochlorococcus;PICOPHYTOPLANKTON;THERMOCLINE
204;21.07.;21-18 h;29;8571;Prochlorococcus;PICOPHYTOPLANKTON;THERMOCLINE
204;21.07.;21-18 h;40;14902;Prochlorococcus;PICOPHYTOPLANKTON;DEEP LAYER
204;21.07.;21-18 h;65;33643;Prochlorococcus;PICOPHYTOPLANKTON;DEEP LAYER
216;22.07.;22-06 h;0;482;Prochlorococcus;PICOPHYTOPLANKTON;SURFACE
216;22.07.;22-06 h;12;705;Prochlorococcus;PICOPHYTOPLANKTON;SURFACE
216;22.07.;22-06 h;20;3022;Prochlorococcus;PICOPHYTOPLANKTON;THERMOCLINE
216;22.07.;22-06 h;29;8155;Prochlorococcus;PICOPHYTOPLANKTON;THERMOCLINE
216;22.07.;22-06 h;40;16273;Prochlorococcus;PICOPHYTOPLANKTON;DEEP LAYER
216;22.07.;22-06 h;65;39476;Prochlorococcus;PICOPHYTOPLANKTON;DEEP LAYER
228;22.07.;22-18 h;0;359;Prochlorococcus;PICOPHYTOPLANKTON;SURFACE
228;22.07.;22-18 h;12;1349;Prochlorococcus;PICOPHYTOPLANKTON;SURFACE
228;22.07.;22-18 h;20;3487;Prochlorococcus;PICOPHYTOPLANKTON;THERMOCLINE
228;22.07.;22-18 h;29;10492;Prochlorococcus;PICOPHYTOPLANKTON;THERMOCLINE
228;22.07.;22-18 h;40;17836;Prochlorococcus;PICOPHYTOPLANKTON;DEEP LAYER
228;22.07.;22-18 h;65;31917;Prochlorococcus;PICOPHYTOPLANKTON;DEEP LAYER
240;23.07.;23-06 h;0;357;Prochlorococcus;PICOPHYTOPLANKTON;SURFACE
240;23.07.;23-06 h;12;730;Prochlorococcus;PICOPHYTOPLANKTON;SURFACE
240;23.07.;23-06 h;20;1935;Prochlorococcus;PICOPHYTOPLANKTON;THERMOCLINE
240;23.07.;23-06 h;29;6464;Prochlorococcus;PICOPHYTOPLANKTON;THERMOCLINE
240;23.07.;23-06 h;40;12241;Prochlorococcus;PICOPHYTOPLANKTON;DEEP LAYER
240;23.07.;23-06 h;65;40474;Prochlorococcus;PICOPHYTOPLANKTON;DEEP LAYER
252;23.07.;23-18 h;0;195;Prochlorococcus;PICOPHYTOPLANKTON;SURFACE
252;23.07.;23-18 h;12;324;Prochlorococcus;PICOPHYTOPLANKTON;SURFACE
252;23.07.;23-18 h;20;1460;Prochlorococcus;PICOPHYTOPLANKTON;THERMOCLINE
252;23.07.;23-18 h;29;5392;Prochlorococcus;PICOPHYTOPLANKTON;THERMOCLINE
252;23.07.;23-18 h;40;13450;Prochlorococcus;PICOPHYTOPLANKTON;DEEP LAYER
252;23.07.;23-18 h;65;42039;Prochlorococcus;PICOPHYTOPLANKTON;DEEP LAYER
0;13.07.;13-06 h;0;506;PPEs;PICOPHYTOPLANKTON;SURFACE
0;13.07.;13-06 h;12;500;PPEs;PICOPHYTOPLANKTON;SURFACE
0;13.07.;13-06 h;20;592;PPEs;PICOPHYTOPLANKTON;THERMOCLINE
0;13.07.;13-06 h;30;627;PPEs;PICOPHYTOPLANKTON;THERMOCLINE
0;13.07.;13-06 h;50;494;PPEs;PICOPHYTOPLANKTON;DEEP LAYER
0;13.07.;13-06 h;65;476;PPEs;PICOPHYTOPLANKTON;DEEP LAYER
0;13.07.;13-06 h;75;471;PPEs;PICOPHYTOPLANKTON;DEEP LAYER
6;13.07.;13-12 h;0;390;PPEs;PICOPHYTOPLANKTON;SURFACE
6;13.07.;13-12 h;12;441;PPEs;PICOPHYTOPLANKTON;SURFACE
6;13.07.;13-12 h;20;508;PPEs;PICOPHYTOPLANKTON;SURFACE
6;13.07.;13-12 h;30;463;PPEs;PICOPHYTOPLANKTON;DEEP LAYER
6;13.07.;13-12 h;50;496;PPEs;PICOPHYTOPLANKTON;DEEP LAYER
6;13.07.;13-12 h;75;433;PPEs;PICOPHYTOPLANKTON;DEEP LAYER
24;14.07.;14-06 h;0;439;PPEs;PICOPHYTOPLANKTON;SURFACE
24;14.07.;14-06 h;12;459;PPEs;PICOPHYTOPLANKTON;SURFACE
24;14.07.;14-06 h;20;633;PPEs;PICOPHYTOPLANKTON;THERMOCLINE
24;14.07.;14-06 h;30;580;PPEs;PICOPHYTOPLANKTON;THERMOCLINE
24;14.07.;14-06 h;40;502;PPEs;PICOPHYTOPLANKTON;THERMOCLINE
24;14.07.;14-06 h;75;644;PPEs;PICOPHYTOPLANKTON;DEEP LAYER
30;14.07.;14-12 h;0;406;PPEs;PICOPHYTOPLANKTON;SURFACE
30;14.07.;14-12 h;12;457;PPEs;PICOPHYTOPLANKTON;SURFACE
30;14.07.;14-12 h;20;504;PPEs;PICOPHYTOPLANKTON;THERMOCLINE
30;14.07.;14-12 h;30;537;PPEs;PICOPHYTOPLANKTON;THERMOCLINE
30;14.07.;14-12 h;40;478;PPEs;PICOPHYTOPLANKTON;DEEP LAYER
30;14.07.;14-12 h;50;506;PPEs;PICOPHYTOPLANKTON;DEEP LAYER
30;14.07.;14-12 h;75;228;PPEs;PICOPHYTOPLANKTON;DEEP LAYER
36;14.07.;14-18 h;0;379;PPEs;PICOPHYTOPLANKTON;SURFACE
36;14.07.;14-18 h;8;564;PPEs;PICOPHYTOPLANKTON;THERMOCLINE
36;14.07.;14-18 h;12;496;PPEs;PICOPHYTOPLANKTON;THERMOCLINE
36;14.07.;14-18 h;20;459;PPEs;PICOPHYTOPLANKTON;THERMOCLINE
36;14.07.;14-18 h;30;312;PPEs;PICOPHYTOPLANKTON;DEEP LAYER
36;14.07.;14-18 h;40;377;PPEs;PICOPHYTOPLANKTON;DEEP LAYER
36;14.07.;14-18 h;65;400;PPEs;PICOPHYTOPLANKTON;DEEP LAYER
42;14.07.;14-24 h;0;416;PPEs;PICOPHYTOPLANKTON;SURFACE
42;14.07.;14-24 h;12;361;PPEs;PICOPHYTOPLANKTON;THERMOCLINE
42;14.07.;14-24 h;20;533;PPEs;PICOPHYTOPLANKTON;THERMOCLINE
42;14.07.;14-24 h;40;502;PPEs;PICOPHYTOPLANKTON;DEEP LAYER
42;14.07.;14-24 h;65;381;PPEs;PICOPHYTOPLANKTON;DEEP LAYER
48;15.07.;15-06 h;0;457;PPEs;PICOPHYTOPLANKTON;SURFACE
48;15.07.;15-06 h;12;554;PPEs;PICOPHYTOPLANKTON;SURFACE
48;15.07.;15-06 h;20;465;PPEs;PICOPHYTOPLANKTON;SURFACE
48;15.07.;15-06 h;30;633;PPEs;PICOPHYTOPLANKTON;THERMOCLINE
48;15.07.;15-06 h;40;574;PPEs;PICOPHYTOPLANKTON;DEEP LAYER
48;15.07.;15-06 h;65;513;PPEs;PICOPHYTOPLANKTON;DEEP LAYER
60;15.07.;15-18 h;0;441;PPEs;PICOPHYTOPLANKTON;SURFACE
60;15.07.;15-18 h;12;435;PPEs;PICOPHYTOPLANKTON;SURFACE
60;15.07.;15-18 h;20;531;PPEs;PICOPHYTOPLANKTON;THERMOCLINE
60;15.07.;15-18 h;35;435;PPEs;PICOPHYTOPLANKTON;DEEP LAYER
60;15.07.;15-18 h;65;64;PPEs;PICOPHYTOPLANKTON;DEEP LAYER
72;16.07.;16-06 h;0;396;PPEs;PICOPHYTOPLANKTON;SURFACE
72;16.07.;16-06 h;12;447;PPEs;PICOPHYTOPLANKTON;SURFACE
72;16.07.;16-06 h;20;525;PPEs;PICOPHYTOPLANKTON;THERMOCLINE
72;16.07.;16-06 h;40;543;PPEs;PICOPHYTOPLANKTON;DEEP LAYER
72;16.07.;16-06 h;65;556;PPEs;PICOPHYTOPLANKTON;DEEP LAYER
84;16.07.;16-18 h;0;346;PPEs;PICOPHYTOPLANKTON;SURFACE
84;16.07.;16-18 h;12;471;PPEs;PICOPHYTOPLANKTON;SURFACE
84;16.07.;16-18 h;20;506;PPEs;PICOPHYTOPLANKTON;THERMOCLINE
84;16.07.;16-18 h;29;184;PPEs;PICOPHYTOPLANKTON;DEEP LAYER
84;16.07.;16-18 h;65;469;PPEs;PICOPHYTOPLANKTON;DEEP LAYER
96;17.07.;17-06 h;0;465;PPEs;PICOPHYTOPLANKTON;SURFACE
96;17.07.;17-06 h;12;494;PPEs;PICOPHYTOPLANKTON;SURFACE
96;17.07.;17-06 h;20;701;PPEs;PICOPHYTOPLANKTON;SURFACE
96;17.07.;17-06 h;29;545;PPEs;PICOPHYTOPLANKTON;THERMOCLINE
96;17.07.;17-06 h;40;431;PPEs;PICOPHYTOPLANKTON;DEEP LAYER
96;17.07.;17-06 h;65;576;PPEs;PICOPHYTOPLANKTON;DEEP LAYER
102;17.07.;17-12 h;0;400;PPEs;PICOPHYTOPLANKTON;SURFACE
102;17.07.;17-12 h;12;449;PPEs;PICOPHYTOPLANKTON;SURFACE
102;17.07.;17-12 h;20;488;PPEs;PICOPHYTOPLANKTON;THERMOCLINE
102;17.07.;17-12 h;29;463;PPEs;PICOPHYTOPLANKTON;DEEP LAYER
102;17.07.;17-12 h;65;472;PPEs;PICOPHYTOPLANKTON;DEEP LAYER
108;17.07.;17-18 h;0;435;PPEs;PICOPHYTOPLANKTON;SURFACE
108;17.07.;17-18 h;12;478;PPEs;PICOPHYTOPLANKTON;SURFACE
108;17.07.;17-18 h;20;492;PPEs;PICOPHYTOPLANKTON;THERMOCLINE
108;17.07.;17-18 h;29;402;PPEs;PICOPHYTOPLANKTON;DEEP LAYER
108;17.07.;17-18 h;40;441;PPEs;PICOPHYTOPLANKTON;DEEP LAYER
108;17.07.;17-18 h;65;531;PPEs;PICOPHYTOPLANKTON;DEEP LAYER
114;17.07.;17-24 h;0;414;PPEs;PICOPHYTOPLANKTON;SURFACE
114;17.07.;17-24 h;12;609;PPEs;PICOPHYTOPLANKTON;SURFACE
114;17.07.;17-24 h;20;681;PPEs;PICOPHYTOPLANKTON;THERMOCLINE
114;17.07.;17-24 h;29;615;PPEs;PICOPHYTOPLANKTON;THERMOCLINE
114;17.07.;17-24 h;40;537;PPEs;PICOPHYTOPLANKTON;DEEP LAYER
114;17.07.;17-24 h;65;572;PPEs;PICOPHYTOPLANKTON;DEEP LAYER
120;18.07.;18-06 h;0;556;PPEs;PICOPHYTOPLANKTON;SURFACE
120;18.07.;18-06 h;12;443;PPEs;PICOPHYTOPLANKTON;SURFACE
120;18.07.;18-06 h;20;570;PPEs;PICOPHYTOPLANKTON;SURFACE
120;18.07.;18-06 h;29;636;PPEs;PICOPHYTOPLANKTON;THERMOCLINE
120;18.07.;18-06 h;40;613;PPEs;PICOPHYTOPLANKTON;DEEP LAYER
120;18.07.;18-06 h;65;705;PPEs;PICOPHYTOPLANKTON;DEEP LAYER
126;18.07.;18-12 h;0;416;PPEs;PICOPHYTOPLANKTON;SURFACE
126;18.07.;18-12 h;20;465;PPEs;PICOPHYTOPLANKTON;SURFACE
126;18.07.;18-12 h;29;545;PPEs;PICOPHYTOPLANKTON;THERMOCLINE
126;18.07.;18-12 h;65;652;PPEs;PICOPHYTOPLANKTON;DEEP LAYER
132;18.07.;18-18 h;0;289;PPEs;PICOPHYTOPLANKTON;SURFACE
132;18.07.;18-18 h;12;570;PPEs;PICOPHYTOPLANKTON;THERMOCLINE
132;18.07.;18-18 h;20;469;PPEs;PICOPHYTOPLANKTON;THERMOCLINE
132;18.07.;18-18 h;29;447;PPEs;PICOPHYTOPLANKTON;DEEP LAYER
132;18.07.;18-18 h;40;490;PPEs;PICOPHYTOPLANKTON;DEEP LAYER
132;18.07.;18-18 h;65;711;PPEs;PICOPHYTOPLANKTON;DEEP LAYER
138;18.07.;18-24 h;0;500;PPEs;PICOPHYTOPLANKTON;SURFACE
138;18.07.;18-24 h;12;597;PPEs;PICOPHYTOPLANKTON;SURFACE
138;18.07.;18-24 h;20;512;PPEs;PICOPHYTOPLANKTON;THERMOCLINE
138;18.07.;18-24 h;29;554;PPEs;PICOPHYTOPLANKTON;DEEP LAYER
138;18.07.;18-24 h;40;525;PPEs;PICOPHYTOPLANKTON;DEEP LAYER
138;18.07.;18-24 h;65;635;PPEs;PICOPHYTOPLANKTON;DEEP LAYER
144;19.07.;19-06 h;0;387;PPEs;PICOPHYTOPLANKTON;SURFACE
144;19.07.;19-06 h;12;428;PPEs;PICOPHYTOPLANKTON;SURFACE
144;19.07.;19-06 h;20;541;PPEs;PICOPHYTOPLANKTON;SURFACE
144;19.07.;19-06 h;29;621;PPEs;PICOPHYTOPLANKTON;THERMOCLINE
144;19.07.;19-06 h;40;484;PPEs;PICOPHYTOPLANKTON;DEEP LAYER
144;19.07.;19-06 h;65;884;PPEs;PICOPHYTOPLANKTON;DEEP LAYER
150;19.07.;19-12 h;0;439;PPEs;PICOPHYTOPLANKTON;SURFACE
150;19.07.;19-12 h;20;478;PPEs;PICOPHYTOPLANKTON;SURFACE
150;19.07.;19-12 h;29;568;PPEs;PICOPHYTOPLANKTON;THERMOCLINE
150;19.07.;19-12 h;40;435;PPEs;PICOPHYTOPLANKTON;DEEP LAYER
150;19.07.;19-12 h;65;615;PPEs;PICOPHYTOPLANKTON;DEEP LAYER
156;19.07.;19-18 h;0;351;PPEs;PICOPHYTOPLANKTON;SURFACE
156;19.07.;19-18 h;12;465;PPEs;PICOPHYTOPLANKTON;THERMOCLINE
156;19.07.;19-18 h;20;644;PPEs;PICOPHYTOPLANKTON;THERMOCLINE
156;19.07.;19-18 h;29;467;PPEs;PICOPHYTOPLANKTON;DEEP LAYER
156;19.07.;19-18 h;40;568;PPEs;PICOPHYTOPLANKTON;DEEP LAYER
156;19.07.;19-18 h;65;800;PPEs;PICOPHYTOPLANKTON;DEEP LAYER
162;19.07.;19-24 h;0;398;PPEs;PICOPHYTOPLANKTON;SURFACE
162;19.07.;19-24 h;12;539;PPEs;PICOPHYTOPLANKTON;SURFACE
162;19.07.;19-24 h;20;603;PPEs;PICOPHYTOPLANKTON;THERMOCLINE
162;19.07.;19-24 h;29;512;PPEs;PICOPHYTOPLANKTON;DEEP LAYER
162;19.07.;19-24 h;40;558;PPEs;PICOPHYTOPLANKTON;DEEP LAYER
162;19.07.;19-24 h;65;662;PPEs;PICOPHYTOPLANKTON;DEEP LAYER
168;20.07.;20-06 h;0;529;PPEs;PICOPHYTOPLANKTON;SURFACE
168;20.07.;20-06 h;20;533;PPEs;PICOPHYTOPLANKTON;SURFACE
168;20.07.;20-06 h;29;646;PPEs;PICOPHYTOPLANKTON;THERMOCLINE
168;20.07.;20-06 h;40;535;PPEs;PICOPHYTOPLANKTON;DEEP LAYER
168;20.07.;20-06 h;65;689;PPEs;PICOPHYTOPLANKTON;DEEP LAYER
174;20.07.;20-12 h;0;400;PPEs;PICOPHYTOPLANKTON;SURFACE
174;20.07.;20-12 h;12;486;PPEs;PICOPHYTOPLANKTON;SURFACE
174;20.07.;20-12 h;20;515;PPEs;PICOPHYTOPLANKTON;THERMOCLINE
174;20.07.;20-12 h;29;480;PPEs;PICOPHYTOPLANKTON;THERMOCLINE
174;20.07.;20-12 h;40;687;PPEs;PICOPHYTOPLANKTON;DEEP LAYER
174;20.07.;20-12 h;65;738;PPEs;PICOPHYTOPLANKTON;DEEP LAYER
180;20.07.;20-18 h;0;371;PPEs;PICOPHYTOPLANKTON;SURFACE
180;20.07.;20-18 h;12;500;PPEs;PICOPHYTOPLANKTON;THERMOCLINE
180;20.07.;20-18 h;20;508;PPEs;PICOPHYTOPLANKTON;THERMOCLINE
180;20.07.;20-18 h;29;590;PPEs;PICOPHYTOPLANKTON;THERMOCLINE
180;20.07.;20-18 h;40;603;PPEs;PICOPHYTOPLANKTON;DEEP LAYER
180;20.07.;20-18 h;65;718;PPEs;PICOPHYTOPLANKTON;DEEP LAYER
192;21.07.;21-06 h;0;508;PPEs;PICOPHYTOPLANKTON;SURFACE
192;21.07.;21-06 h;12;543;PPEs;PICOPHYTOPLANKTON;SURFACE
192;21.07.;21-06 h;20;748;PPEs;PICOPHYTOPLANKTON;THERMOCLINE
192;21.07.;21-06 h;29;603;PPEs;PICOPHYTOPLANKTON;THERMOCLINE
192;21.07.;21-06 h;40;707;PPEs;PICOPHYTOPLANKTON;DEEP LAYER
192;21.07.;21-06 h;65;1132;PPEs;PICOPHYTOPLANKTON;DEEP LAYER
204;21.07.;21-18 h;0;420;PPEs;PICOPHYTOPLANKTON;SURFACE
204;21.07.;21-18 h;12;465;PPEs;PICOPHYTOPLANKTON;SURFACE
204;21.07.;21-18 h;20;541;PPEs;PICOPHYTOPLANKTON;THERMOCLINE
204;21.07.;21-18 h;29;472;PPEs;PICOPHYTOPLANKTON;THERMOCLINE
204;21.07.;21-18 h;40;517;PPEs;PICOPHYTOPLANKTON;DEEP LAYER
204;21.07.;21-18 h;65;724;PPEs;PICOPHYTOPLANKTON;DEEP LAYER
216;22.07.;22-06 h;0;451;PPEs;PICOPHYTOPLANKTON;SURFACE
216;22.07.;22-06 h;12;510;PPEs;PICOPHYTOPLANKTON;SURFACE
216;22.07.;22-06 h;20;717;PPEs;PICOPHYTOPLANKTON;THERMOCLINE
216;22.07.;22-06 h;29;584;PPEs;PICOPHYTOPLANKTON;THERMOCLINE
216;22.07.;22-06 h;40;615;PPEs;PICOPHYTOPLANKTON;DEEP LAYER
216;22.07.;22-06 h;65;941;PPEs;PICOPHYTOPLANKTON;DEEP LAYER
228;22.07.;22-18 h;0;379;PPEs;PICOPHYTOPLANKTON;SURFACE
228;22.07.;22-18 h;12;523;PPEs;PICOPHYTOPLANKTON;SURFACE
228;22.07.;22-18 h;20;554;PPEs;PICOPHYTOPLANKTON;THERMOCLINE
228;22.07.;22-18 h;29;437;PPEs;PICOPHYTOPLANKTON;THERMOCLINE
228;22.07.;22-18 h;40;396;PPEs;PICOPHYTOPLANKTON;DEEP LAYER
228;22.07.;22-18 h;65;779;PPEs;PICOPHYTOPLANKTON;DEEP LAYER
240;23.07.;23-06 h;0;453;PPEs;PICOPHYTOPLANKTON;SURFACE
240;23.07.;23-06 h;12;523;PPEs;PICOPHYTOPLANKTON;SURFACE
240;23.07.;23-06 h;20;601;PPEs;PICOPHYTOPLANKTON;THERMOCLINE
240;23.07.;23-06 h;29;709;PPEs;PICOPHYTOPLANKTON;THERMOCLINE
240;23.07.;23-06 h;40;531;PPEs;PICOPHYTOPLANKTON;DEEP LAYER
240;23.07.;23-06 h;65;898;PPEs;PICOPHYTOPLANKTON;DEEP LAYER
252;23.07.;23-18 h;0;223;PPEs;PICOPHYTOPLANKTON;SURFACE
252;23.07.;23-18 h;12;357;PPEs;PICOPHYTOPLANKTON;SURFACE
252;23.07.;23-18 h;20;572;PPEs;PICOPHYTOPLANKTON;THERMOCLINE
252;23.07.;23-18 h;29;599;PPEs;PICOPHYTOPLANKTON;THERMOCLINE
252;23.07.;23-18 h;40;486;PPEs;PICOPHYTOPLANKTON;DEEP LAYER
252;23.07.;23-18 h;65;904;PPEs;PICOPHYTOPLANKTON;DEEP LAYER
